TargetSeason,Estimand,VPWinnerHigherCI2_5,VPWinnerHigherMedian,VPWinnerHigherCI97_5,VPErrorsCI2_5,VPErrorsMedian,VPErrorsCI97_5,VPErrorRateCI2_5Percent,VPErrorRateMedianPercent,VPErrorRateCI97_5Percent
E2021,Non-PTS,260.0,267.0,272.0,27.0,32.0,39.0,9.03010033444816,10.702341137123746,13.043478260869565
E2021,Full,278.0,281.0,282.0,17.0,18.0,21.0,5.68561872909699,6.0200668896321075,7.023411371237458
E2022,Non-PTS,282.0,285.0,289.0,39.0,43.0,46.0,11.890243902439025,13.109756097560975,14.024390243902438
E2022,Full,302.0,304.0,306.0,22.0,24.0,26.0,6.7073170731707314,7.317073170731708,7.926829268292683
E2023,Non-PTS,289.0,291.0,294.0,37.0,40.0,42.0,11.178247734138973,12.084592145015106,12.688821752265861
E2023,Full,305.0,307.0,311.0,20.0,24.0,26.0,6.042296072507553,7.2507552870090635,7.854984894259819
E2024,Non-PTS,280.0,284.0,287.0,43.0,46.0,50.0,13.030303030303031,13.93939393939394,15.151515151515152
E2024,Full,311.0,313.0,316.0,14.0,17.0,19.0,4.242424242424242,5.151515151515151,5.757575757575758
E2025,Non-PTS,354.0,358.0,364.0,38.0,44.0,48.0,9.45273631840796,10.945273631840797,11.940298507462687
E2025,Full,378.0,380.0,382.0,20.0,22.0,24.0,4.975124378109452,5.472636815920398,5.970149253731344
