TargetSeason,Component,RawCI2_5,RawMedian,RawCI97_5,SignedCI2_5,SignedMedian,SignedCI97_5,GammaCI2_5,GammaMedian,GammaCI97_5,RawLowerBoundaryFrequencyPercent,RawUpperBoundaryFrequencyPercent,Converged
E2021,TR,1.0416407763430182,1.213195224273723,1.3848392700781507,1.1801052717738372,1.3457817284103146,1.5244251263580342,1.0317099188105794,1.112902818364514,1.1958482385973672,0.0,0.0,True
E2021,AST,0.5,0.5,0.7073729574862215,0.5271443178146118,0.5747358678408143,0.7522918612117191,1.0317099188105794,1.112902818364514,1.1958482385973672,59.4,0.0,True
E2021,STL,0.8042387881963939,0.9978824770353447,1.2017149994533405,0.9050946919697834,1.107348964152234,1.328981972525382,1.0317099188105794,1.112902818364514,1.1958482385973672,0.0,0.0,True
E2021,BLK,0.5,0.5081777322781142,0.6927626663475678,0.5207235350486773,0.5792986268915705,0.7708129887347122,1.0317099188105794,1.112902818364514,1.1958482385973672,46.6,0.0,True
E2021,FD,0.5,0.5,0.5038680958512115,0.5159236600122277,0.5567549113807511,0.6051699953977662,1.0317099188105794,1.112902818364514,1.1958482385973672,97.0,0.0,True
E2021,MFG,1.0929981354838918,1.273784622981005,1.4418306619471697,-1.5468463692490617,-1.4135558766426541,-1.2551657278494548,1.0317099188105794,1.112902818364514,1.1958482385973672,0.0,1.4000000000000001,True
E2021,MFT,0.8921453729547216,1.1275413500032792,1.353493063206647,-1.5424917608913482,-1.246790773092139,-0.9424604267183012,1.0317099188105794,1.112902818364514,1.1958482385973672,0.0,0.2,True
E2021,TO,1.356791775510584,1.5,1.5,-1.7913588818672908,-1.6545211171480498,-1.4204152801968637,1.0317099188105794,1.112902818364514,1.1958482385973672,0.0,60.6,True
E2021,BLKA,0.5,0.5081777322781142,0.6927626663475678,-0.7708129887347123,-0.5792986268915705,-0.5207235350486773,1.0317099188105794,1.112902818364514,1.1958482385973672,46.6,0.0,True
E2021,FC,0.5,0.5,0.5038680958512115,-0.6051699953977662,-0.5567549113807511,-0.5159236600122277,1.0317099188105794,1.112902818364514,1.1958482385973672,97.0,0.0,True
E2022,TR,0.9910884785276228,1.1160203020206918,1.2370633916733993,1.2099540769575368,1.3216028881983335,1.432228913376416,1.1055308428512995,1.1864361317238719,1.2712340650384462,0.0,0.0,True
E2022,AST,0.5,0.5317318638354093,0.6870716093689933,0.5705224610898388,0.6376846425016582,0.7845666632969852,1.1055308428512995,1.1864361317238719,1.2712340650384462,34.0,0.0,True
E2022,STL,0.6850968590395206,0.8564401029973863,1.0320044969645463,0.8170087848758649,1.0146135864595671,1.20870957186671,1.1055308428512995,1.1864361317238719,1.2712340650384462,0.0,0.0,True
E2022,BLK,0.5,0.5,0.6337646055715876,0.5569580134995977,0.6112595267522893,0.7443784237269742,1.1055308428512995,1.1864361317238719,1.2712340650384462,52.6,0.0,True
E2022,FD,0.5,0.5,0.5,0.5527654214256498,0.5934089320053388,0.6356170325192231,1.1055308428512995,1.1864361317238719,1.2712340650384462,99.8,0.0,True
E2022,MFG,0.9518349892347332,1.0868290154809748,1.2322237746959857,-1.4012669633819208,-1.2878279616485078,-1.1811881647766485,1.1055308428512995,1.1864361317238719,1.2712340650384462,0.0,0.0,True
E2022,MFT,0.7850288121480631,0.9761456085312954,1.1686144289379665,-1.3947682958712746,-1.1505206713115483,-0.9147820762976665,1.1055308428512995,1.1864361317238719,1.2712340650384462,0.0,0.0,True
E2022,TO,1.476984315442009,1.5,1.5,-1.9068510975576691,-1.777182795387016,-1.6538261808788408,1.1055308428512995,1.1864361317238719,1.2712340650384462,0.0,94.19999999999999,True
E2022,BLKA,0.5,0.5,0.6337646055715876,-0.7443784237269742,-0.6112595267522893,-0.5569580134995977,1.1055308428512995,1.1864361317238719,1.2712340650384462,52.6,0.0,True
E2022,FC,0.5,0.5,0.5,-0.6356170325192231,-0.5934089320053388,-0.5527654214256498,1.1055308428512995,1.1864361317238719,1.2712340650384462,99.8,0.0,True
E2023,TR,1.2647698656730149,1.398894159205134,1.5,1.2884700588319868,1.3913870840651519,1.4882025794263871,0.9297929220396741,0.9913208463221514,1.0796163469825204,0.0,11.600000000000001,True
E2023,AST,0.5,0.541914240362503,0.7306285171549601,0.48503722442841796,0.5443592733959554,0.7061761129319993,0.9297929220396741,0.9913208463221514,1.0796163469825204,32.0,0.0,True
E2023,STL,1.1649447563371396,1.471101686667566,1.5,1.170689050431452,1.4263144784833344,1.5499697037489497,0.9297929220396741,0.9913208463221514,1.0796163469825204,0.0,42.4,True
E2023,BLK,0.5,0.5,0.5,0.46489646101983706,0.4956604231610757,0.5398081734912602,0.9297929220396741,0.9913208463221514,1.0796163469825204,100.0,0.0,True
E2023,FD,0.5,0.5,0.5,0.46489646101983706,0.4956604231610757,0.5398081734912602,0.9297929220396741,0.9913208463221514,1.0796163469825204,100.0,0.0,True
E2023,MFG,1.228141620920754,1.4082888788632433,1.5,-1.4890913084838728,-1.3943101131666082,-1.2769414820247824,0.9297929220396741,0.9913208463221514,1.0796163469825204,0.0,18.4,True
E2023,MFT,0.7269353951600876,1.0182457034870687,1.3728019826285343,-1.3710726922663445,-1.014176631304812,-0.6977488214763353,0.9297929220396741,0.9913208463221514,1.0796163469825204,0.0,0.2,True
E2023,TO,1.5,1.5,1.5,-1.6194245204737805,-1.4869812694832272,-1.3946893830595113,0.9297929220396741,0.9913208463221514,1.0796163469825204,0.0,100.0,True
E2023,BLKA,0.5,0.5,0.5,-0.5398081734912602,-0.4956604231610757,-0.4648964610198371,0.9297929220396741,0.9913208463221514,1.0796163469825204,100.0,0.0,True
E2023,FC,0.5,0.5,0.5,-0.5398081734912602,-0.4956604231610757,-0.4648964610198371,0.9297929220396741,0.9913208463221514,1.0796163469825204,100.0,0.0,True
E2024,TR,0.8052510311702054,0.9281018213201513,1.0532544052455635,1.1851210624559094,1.3084168338009772,1.423003346428659,1.3091641512590553,1.4112141064775021,1.5241619357968257,0.0,0.0,True
E2024,AST,0.5,0.5,0.5,0.6557005310680296,0.7061348786141106,0.7620809678984128,1.3091641512590553,1.4112141064775021,1.5241619357968257,98.0,0.0,True
E2024,STL,0.5,0.5093635619141432,0.7107878768200826,0.6736015519686741,0.7420381424080329,0.9732132786377229,1.3091641512590553,1.4112141064775021,1.5241619357968257,47.199999999999996,0.0,True
E2024,BLK,0.5,0.5,0.5,0.6545820756295276,0.7056070532387511,0.7620809678984128,1.3091641512590553,1.4112141064775021,1.5241619357968257,100.0,0.0,True
E2024,FD,0.5,0.5,0.5,0.6545820756295276,0.7056070532387511,0.7620809678984128,1.3091641512590553,1.4112141064775021,1.5241619357968257,100.0,0.0,True
E2024,MFG,0.6903008617051576,0.8147865016856485,0.9521464187801708,-1.265281208749785,-1.1488577707826693,-1.032122219164122,1.3091641512590553,1.4112141064775021,1.5241619357968257,0.0,0.0,True
E2024,MFT,0.5248467875189172,0.7518615028010416,0.9597268406089206,-1.3596481897833281,-1.0587026709185503,-0.7378920811047858,1.3091641512590553,1.4112141064775021,1.5241619357968257,1.7999999999999998,0.0,True
E2024,TO,1.2619338911724391,1.449036977227475,1.5,-2.1748951271481416,-2.021866633735465,-1.7966937979423798,1.3091641512590553,1.4112141064775021,1.5241619357968257,0.0,28.599999999999998,True
E2024,BLKA,0.5,0.5,0.5,-0.762080967898413,-0.7056070532387511,-0.6545820756295276,1.3091641512590553,1.4112141064775021,1.5241619357968257,100.0,0.0,True
E2024,FC,0.5,0.5,0.5,-0.762080967898413,-0.7056070532387511,-0.6545820756295276,1.3091641512590553,1.4112141064775021,1.5241619357968257,100.0,0.0,True
E2025,TR,1.2431194571862483,1.3887538223545963,1.5,1.3169357281052283,1.4280941561945437,1.5255274628814692,0.9599662043217138,1.0296211046934942,1.1022043445436196,0.0,6.4,True
E2025,AST,0.5,0.6094308295859174,0.8023729505836926,0.505968966068257,0.6281636839142841,0.7960627397718547,0.9599662043217138,1.0296211046934942,1.1022043445436196,12.0,0.0,True
E2025,STL,1.175996559045658,1.4719864555258375,1.5,1.251440159839473,1.4831584445884833,1.60504306644723,0.9599662043217138,1.0296211046934942,1.1022043445436196,0.0,45.4,True
E2025,BLK,0.5,0.5,0.5,0.4799831021608569,0.5148105523467471,0.5511021722718098,0.9599662043217138,1.0296211046934942,1.1022043445436196,100.0,0.0,True
E2025,FD,0.5,0.5,0.5,0.4799831021608569,0.5148105523467471,0.5511021722718098,0.9599662043217138,1.0296211046934942,1.1022043445436196,100.0,0.0,True
E2025,MFG,1.1197455824447493,1.2760418429949612,1.4466495136025448,-1.4360993525563988,-1.3157863263987752,-1.190559289475581,0.9599662043217138,1.0296211046934942,1.1022043445436196,0.0,0.2,True
E2025,MFT,0.6879362139194641,0.9619384583038635,1.2300836602970293,-1.2673098848270983,-0.9929134555451875,-0.7187097948887834,0.9599662043217138,1.0296211046934942,1.1022043445436196,0.0,0.0,True
E2025,TO,1.5,1.5,1.5,-1.6533065168154295,-1.5444316570402412,-1.4399493064825706,0.9599662043217138,1.0296211046934942,1.1022043445436196,0.0,100.0,True
E2025,BLKA,0.5,0.5,0.5,-0.5511021722718098,-0.5148105523467471,-0.4799831021608569,0.9599662043217138,1.0296211046934942,1.1022043445436196,100.0,0.0,True
E2025,FC,0.5,0.5,0.5,-0.5511021722718098,-0.5148105523467471,-0.4799831021608569,0.9599662043217138,1.0296211046934942,1.1022043445436196,100.0,0.0,True
