TeamCode,GP,OfficialPIRTotal,VPPIRTotal,OfficialPIRPerGame,VPPIRPerGame,Team,Universe,OfficialTotalRank,VPTotalRank,OfficialPerGameRank,VPPerGameRank,TotalRankChange,PerGameRankChange,OfficialRank,VPRank,RankChange
OLY,43,4727.0,4406.998809929648,109.93023255813954,102.48834441696856,Olympiacos,All completed stages,1,1,1,1,0,0,1,1,0
MAD,44,4560.0,4305.119270632203,103.63636363636364,97.84361978709552,Real,All completed stages,2,2,2,2,0,0,2,2,0
PAM,44,4550.0,4264.675533244106,103.4090909090909,96.92444393736605,Valencia,All completed stages,3,3,3,3,0,0,3,3,0
MCO,43,4424.0,4126.15199670339,102.88372093023256,95.9570231791486,Monaco,All completed stages,4,4,4,4,0,0,4,4,0
DUB,38,3737.0,3545.8411200739474,98.34210526315789,93.31160842299862,Dubai,All completed stages,10,8,6,5,2,1,6,5,1
TEL,38,3803.0,3539.5536721986505,100.07894736842105,93.14614926838554,Maccabi,All completed stages,8,10,5,6,-2,-1,5,6,-1
PAN,44,4294.0,4045.566749276746,97.5909090909091,91.94469884719878,Panathinaikos,All completed stages,5,5,8,7,0,1,8,7,1
ZAL,42,4114.0,3859.6756347747055,97.95238095238095,91.89703892320728,Zalgiris,All completed stages,6,6,7,8,0,-1,7,8,-1
HTA,42,4087.0,3840.480507125842,97.30952380952381,91.44001207442481,Hapoel Tel Aviv,All completed stages,7,7,9,9,0,0,9,9,0
RED,39,3780.0,3542.7584990768996,96.92307692307692,90.8399615147923,Crvena Zvezda,All completed stages,9,9,10,10,0,0,10,10,0
MIL,38,3671.0,3409.8590894422223,96.60526315789474,89.73313393269007,Milan,All completed stages,13,13,11,11,0,0,11,11,0
BAS,38,3626.0,3362.9934737374924,95.42105263157895,88.4998282562498,Baskonia,All completed stages,14,14,12,12,0,0,12,12,0
PRS,38,3531.0,3344.342929591501,92.92105263157895,88.00902446293424,Paris,All completed stages,15,15,14,13,0,1,14,13,1
BAR,40,3726.0,3502.919843543827,93.15,87.57299608859567,Barcelona,All completed stages,11,12,13,14,-1,-1,13,14,-1
VIR,38,3376.0,3136.2240198972777,88.84210526315789,82.53221104992836,Virtus,All completed stages,16,16,15,15,0,0,15,15,0
ULK,43,3720.0,3512.443095115206,86.51162790697674,81.68472314221408,Fenerbahce,All completed stages,12,11,16,16,1,0,16,16,0
PAR,38,3287.0,3094.0822251755335,86.5,81.42321645198773,Partizan,All completed stages,17,17,17,17,0,0,17,17,0
MUN,38,3260.0,3053.6117158987377,85.78947368421052,80.35820304996678,Bayern,All completed stages,18,18,18,18,0,0,18,18,0
IST,38,3239.0,2992.0854144848627,85.23684210526316,78.7390898548648,Anadolu Efes,All completed stages,19,19,19,19,0,0,19,19,0
ASV,38,3052.0,2825.1600222576058,80.3157894736842,74.34631637520015,ASVEL,All completed stages,20,20,20,20,0,0,20,20,0
