PlayerCode,Player,GP,Minutes,OfficialPIR,VPPIR,Teams,OfficialRank,VPRank,RankChange
003469,"VEZENKOV, SASHA",39,1085.5833333333333,863.0,829.4606961766,OLY,1,1,0
003941,"MILUTINOV, NIKOLA",40,861.3499999999999,778.0,788.4519608038225,OLY,3,2,1
012788,"OTURU, DAN",42,1003.5,704.0,721.643830902081,HTA,7,3,4
012878,"WRIGHT, MOSES",42,992.75,720.0,718.4560082005281,ZAL,6,4,2
009846,"BRYANT, ELIJAH",38,1120.2,744.0,643.791343030948,HTA,4,5,-1
012201,"MONEKE, CHIMA",35,941.7666666666667,648.0,635.5893900243867,RED,11,6,5
012796,"KABENGELE, MFIONDU",36,800.95,625.0,630.1965337327084,DUB,14,7,7
005791,"TAVARES, WALTER",39,887.55,603.0,619.2471875168634,MAD,15,8,7
012712,"HERNANGOMEZ, JUANCHO",44,1076.3833333333332,542.0,607.5454953109414,PAN,27,9,18
006835,"HOARD, JAYLEN",35,1008.3833333333333,565.0,596.9242416902622,TEL,24,10,14
014117,"LYLES, TREY",42,890.0,634.0,588.8644229509838,MAD,13,11,2
007975,"FRANCISCO, SYLVAIN",42,1166.6,806.0,575.640449944556,ZAL,2,12,-10
011194,"PETRUSEV, FILIP",38,892.8833333333333,584.0,556.9826116103852,DUB,21,13,8
011226,"DIALLO, ALPHA",42,1172.3333333333333,572.0,556.9471981812941,MCO,23,14,9
005985,"JAMES, MIKE",39,1167.5,743.0,545.4109006214692,MCO,5,15,-10
008192,"TUBELIS, AZUOLAS",42,953.1333333333333,535.0,541.7864145706155,ZAL,31,16,15
006760,"BONGA, ISAAC",38,1055.7666666666667,544.0,534.579820312697,PAR,25,17,8
010042,"MONTERO, JEAN",38,873.6999999999999,679.0,523.9150787762236,PAM,9,18,-9
011217,"TAYLOR, KAMERON",40,962.1333333333333,542.0,512.4820164440637,PAM,27,19,8
012080,"LUWAWU-CABARROT, TIMOTHE",36,914.7666666666667,590.0,509.09590249532613,BAS,18,20,-2
009863,"BALDWIN IV, WADE",42,1085.5666666666666,689.0,497.0627152489377,ULK,8,21,-13
011219,"SORKIN, ROMAN",38,870.4499999999999,536.0,496.2619644091022,TEL,30,22,8
004132,"THEIS, DANIEL",38,779.9166666666666,462.0,488.57170376695984,MCO,42,23,19
012738,"REUVERS, NATHAN",44,838.5,482.0,488.3155868480914,PAM,39,24,15
014124,"HORTON TUCKER, TALEN",41,977.3,596.0,483.00430569183146,ULK,17,25,-8
012606,"WRIGHT IV, MCKINLEY",38,1122.95,597.0,481.1696878254479,DUB,16,26,-10
011196,"HALL, DONTA",38,579.9,436.0,475.89036153926986,OLY,47,27,20
001133,"SHENGELIA, TORNIKE",34,848.25,522.0,474.49675741762474,BAR,32,28,4
004088,"OSMAN, CEDI",39,1065.0333333333333,496.0,467.826711819328,PAN,35,29,6
005928,"CAMPAZZO, FACUNDO",44,1073.0666666666666,635.0,467.80822867841664,MAD,12,30,-18
013363,"NWORA, JORDAN",34,922.4,541.0,466.94231165468284,RED,29,31,-2
011231,"BLOSSOMGAME, JARON",43,1019.7666666666667,453.0,464.0257452268408,MCO,43,32,11
003108,"HEZONJA, MARIO",44,994.9,544.0,457.14926155882335,MAD,25,33,-8
011981,"JONES, TYRIQUE",33,640.7666666666667,434.0,452.3962403430815,OLY; PAR,49,34,15
012640,"HIFI, NADIR",37,823.8833333333333,650.0,450.351264316169,PRS,10,35,-25
012774,"NUNN, KENDRICK",37,1100.0333333333333,579.0,450.2780886582158,PAN,22,36,-14
012687,"NIANG, SALIOU",38,822.5333333333333,415.0,445.6755194827607,VIR,54,37,17
009849,"DORSEY, TYLER",43,1082.1499999999999,588.0,444.11503263626093,OLY,19,38,-19
009048,"MILLER-MCINTYRE, CODI",39,1206.4833333333333,585.0,443.30134084329984,RED,20,39,-19
008987,"LEDAY, ZACH",30,738.6833333333333,452.0,418.67422009520953,MIL,44,40,4
004888,"CLYBURN, WILL",33,843.5833333333333,485.0,417.5919471985192,BAR,38,41,-3
010393,"PRADILLA, JAIME",44,858.3499999999999,409.0,410.0861716694302,PAM,55,42,13
014127,"BRISSETT, O'SHAE J",36,885.1833333333333,376.0,403.8726778475826,TEL,69,43,26
009862,"PUNTER, KEVIN",39,1059.7666666666667,517.0,399.0424195945047,BAR,33,44,-11
000796,"MIROTIC, NIKOLA",31,590.5166666666667,393.0,390.39463236723077,MCO,65,45,20
010568,"JONES, CHRIS",42,859.0166666666667,496.0,388.03192587720844,HTA,35,46,-11
013384,"BROOKS, ARMONI",38,856.6333333333333,400.0,386.39405333830763,MIL,62,47,15
014029,"IZUNDU, EBUKA",33,474.8666666666667,341.0,384.5720561585423,RED,89,48,41
012710,"OSMANI, ERCAN",36,879.65,409.0,383.52589376700195,IST,55,49,6
002849,"MELLI, NICOLO",35,831.15,354.0,378.2277203737519,ULK,78,50,28
014027,"DIAKITE, MAMADI",37,713.2666666666667,375.0,377.61623982056545,BAS,71,51,20
014006,"OKEKE, CHUMA",43,769.9499999999999,342.0,376.814904009693,MAD,88,52,36
007831,"SHIELDS, SHAVON",35,941.4,448.0,376.2755135708359,MIL,46,53,-7
011212,"OKOBO, ELIE",42,1073.8166666666666,493.0,372.52402070400507,MCO,37,54,-17
009005,"DECK, GABRIEL",41,836.5333333333333,358.0,371.6788779143654,MAD,75,55,20
013667,"FERNANDO, BRUNO",37,640.7166666666666,361.0,370.72214177623056,MAD; PAR,74,56,18
011078,"THOMPSON, DARIUS",44,828.65,435.0,370.14702293083974,PAM,48,57,-9
000925,"VESELY, JAN",38,804.25,358.0,368.70223185836875,BAR,75,58,17
008829,"PETERS, ALEC",43,652.9166666666666,365.0,367.90488842620204,OLY,73,59,14
011199,"NEBO, JOSH",26,560.2166666666667,357.0,367.67795388755695,MIL,77,60,17
013402,"BLAKENEY, ANTONIO",41,929.4,429.0,367.4212105593554,HTA,50,61,-11
012609,"MALCOLM, COLLIN",40,995.5833333333333,340.0,366.875950755187,HTA,92,62,30
001926,"SLOUKAS, KOSTAS",38,810.4833333333333,477.0,364.68856250294334,PAN,40,63,-23
002939,"SATORANSKY, TOMAS",37,921.7333333333333,405.0,359.62636729857206,BAR,60,64,-4
008099,"STRAZEL, MATTHEW",43,1045.5333333333333,475.0,353.20341226419816,MCO,41,65,-24
014010,"DOKOSSI, ALLAN",34,549.9333333333333,293.0,352.79590259817905,PRS,107,66,41
014008,"ROBINSON, JUSTIN",36,683.0166666666667,517.0,351.99364357811965,PRS,33,67,-34
010391,"WEILER-BABB, NICK",37,1065.55,406.0,351.7530537902695,IST,58,68,-10
009783,"COLSON, BONZIE",40,674.9333333333333,347.0,348.90917382716657,ULK,84,69,15
007027,"MALEDON, THEO",38,646.55,426.0,341.1806648822945,MAD,51,70,-19
011836,"MIKE, ISIAHA",37,828.1833333333333,339.0,340.1837870650247,MUN,94,71,23
013374,"DIOUF, MOUHAMET",33,611.65,345.0,339.11097232741383,VIR,86,72,14
012720,"BROWN, STERLING",37,1040.9166666666667,408.0,337.0830846046081,PAR,57,73,-16
001288,"LUCIC, VLADIMIR",33,764.6166666666667,352.0,335.24864091177096,MUN,81,74,7
012593,"ELLIS, QUINN",36,911.7833333333333,406.0,334.97044448687774,MIL,58,75,-17
012403,"FAYE, MOUHAMED",38,652.6166666666667,268.0,334.72602649840184,PRS,119,76,43
010390,"HAYES, KEVARRIUS",40,697.1166666666667,290.0,333.3216541677559,MCO,109,77,32
012731,"NDIAYE, MBAYE",32,756.8,328.0,332.95719216542057,ASV,98,78,20
012585,"MORGAN, MATTHEW",34,677.8166666666666,416.0,325.5404972866651,VIR,53,79,-26
006961,"BIBEROVIC, TARIK",41,997.8,341.0,323.13755487723347,ULK,89,80,9
002580,"MICIC, VASILIJE",40,963.8166666666666,450.0,322.6555728319584,HTA,45,81,-36
007056,"BOOKER, DEVIN",36,718.2666666666667,345.0,322.4385359363937,MIL,86,82,4
010444,"COSTELLO, MATTHEW",40,662.4666666666667,295.0,318.30873349319313,PAM,105,83,22
011982,"OJELEYE, SEMI",39,894.1833333333333,306.0,318.27326432238704,RED,103,84,19
014012,"LEAF, TJ",24,436.9166666666667,301.0,317.8356178971193,TEL,104,85,19
011286,"BACON, DWAYNE",29,852.0333333333333,404.0,313.82558952267266,DUB,61,86,-25
014102,"JONES, KAI",36,556.5333333333333,266.0,312.39157549513686,IST,121,87,34
013367,"FORREST, TRENT",27,644.5333333333333,392.0,312.36000941114287,BAS,66,88,-22
002676,"BUTKEVICIUS, ARNAS",38,685.25,289.0,311.42247424475227,ZAL,110,89,21
002100,"DE COLO, NANDO",30,564.4499999999999,400.0,310.5036497039675,ASV; ULK,62,90,-28
014013,"WATSON, GLYNN",30,767.1833333333333,376.0,310.1894113209598,ASV,69,91,-22
004004,"GUDURIC, MARKO",35,771.4,390.0,309.80354072407073,MIL,67,92,-25
004508,"OBST, ANDREAS",35,930.5333333333333,421.0,305.66155060479946,MUN,52,93,-41
007527,"BADIO, BRANCOU",40,819.8333333333334,383.0,305.2067926531889,PAM,68,94,-26
011244,"DA SILVA, OSCAR",35,557.0,271.0,304.1559256800822,MUN,118,95,23
007464,"PARRA, JOEL",40,746.25,274.0,301.52557729644764,BAR,115,96,19
014005,"ALSTON JR. , DERRICK",37,829.9333333333333,322.0,294.9176367863987,VIR,99,97,2
011204,"GRANT, JERIAN",42,993.2833333333333,349.0,293.9585976468566,PAN,83,98,-15
009754,"LOYD, JORDAN",34,798.1,366.0,291.5533475716176,IST,72,99,-27
013290,"JESSUP, JUSTINIAN",37,714.9333333333333,291.0,291.1911223780128,MUN,108,100,8
007630,"GARUBA, USMAN",40,499.76666666666665,256.0,289.52310722641766,MAD,127,101,26
011927,"SLEVA, DUSTIN",42,769.3,253.0,289.4327338959537,ZAL,131,102,29
011284,"FARIED, KENNETH",35,460.05,264.0,288.59243785251437,PAN,122,103,19
010545,"SAKO, NEAL",42,561.6,259.0,288.028475059491,PAM,125,104,21
008855,"WALKUP, THOMAS",37,888.8,353.0,283.6413049221259,OLY,80,105,-25
003196,"HERNANGOMEZ, WILLY",39,528.0333333333333,273.0,282.1579587102245,BAR,116,106,10
010581,"OSETKOWSKI, DYLAN",35,702.5166666666667,255.0,279.4283321221209,PAR,128,107,21
007182,"BIRCH, KHEM",43,711.3666666666667,210.0,278.8113260540523,ULK,149,108,41
007982,"WILLIAMS-GOSS, NIGEL",31,745.9333333333333,340.0,274.9140577655742,ZAL,92,109,-17
008985,"BOLMARO, LEANDRO",29,655.4833333333333,309.0,271.97528719516055,MIL,101,110,-9
011157,"MOTLEY, JOHNATHAN",35,512.3833333333333,283.0,270.3279403377058,HTA,112,111,1
002329,"ULANOVAS, EDGARAS",42,779.1999999999999,279.0,265.7623231296444,ZAL,114,112,2
013380,"FOURNIER, EVAN",39,855.4499999999999,351.0,263.2462426181649,OLY,82,113,-31
013403,"WALKER IV, LONNIE",28,636.7166666666667,354.0,260.7873643349875,TEL,78,114,-36
007947,"VILDOZA, LUCA",31,659.6333333333333,307.0,260.7609824889465,VIR,102,115,-13
014152,"SIMMONS, KOBI",31,687.5,336.0,260.41226352318813,BAS,95,116,-21
014115,"MOORE, OMARI",43,741.8166666666666,334.0,257.109088216366,PAM,97,117,-20
014163,"BUTLER, JARED",32,640.15,346.0,256.9637738155328,RED,85,118,-33
011247,"FELIZ, ANDRES",39,649.4333333333333,262.0,256.5811618133622,MAD,123,119,4
010319,"TRAORE, ARMEL",36,572.2333333333333,223.0,254.39203598342536,ASV,137,120,17
012608,"SHORTS, TJ",43,692.6166666666667,341.0,252.80283557077442,PAN,89,121,-32
012610,"WARD, TYSON",35,668.1166666666667,272.0,244.3047806104462,OLY,117,122,-5
004866,"KALINIC, NIKOLA",39,903.2833333333333,243.0,243.21212149572443,RED,133,123,10
014168,"KEY, BRAXTON",34,578.7666666666667,225.0,239.82469479969467,PAM,136,124,12
011987,"EDWARDS, CARSEN",36,915.2666666666667,395.0,238.31950896258127,VIR,64,125,-61
006540,"MUSA, DZANAN",18,480.34999999999997,281.0,237.1047075449676,DUB,113,126,-13
009664,"WILLIS, DEREK",28,454.16666666666663,223.0,236.6895586165125,PRS,137,127,10
005504,"BIRUTIS, LAURYNAS",41,409.7,215.0,235.3727458132665,ZAL,144,128,16
007032,"LO, MAODO",41,738.9,288.0,232.1521800765964,ZAL,111,129,-18
013699,"CLARK III, JIMMY",37,729.6166666666667,318.0,230.4310183106891,TEL,100,130,-30
013371,"HARRISON, SHAQUILLE",29,548.6333333333333,258.0,230.10798276105828,ASV,126,131,-5
007109,"SMITS, ROLANDS",35,664.2833333333333,211.0,229.74316171842605,IST,147,132,15
012795,"ANDERSON, JUSTIN",33,774.8833333333333,209.0,228.41202779012067,DUB,151,133,18
011205,"HALL, DEVON",35,883.8333333333333,295.0,227.70425976294393,ULK,105,134,-29
009549,"CORDINIER, ISAIA",30,726.1166666666667,260.0,225.31378800712758,IST,124,135,-11
013386,"MCCORMACK, DAVID",28,433.48333333333335,214.0,223.4853228331664,MUN,146,136,10
013383,"GABRIEL, WENYEN",36,610.0,204.0,221.9722717572845,MUN,154,137,17
001518,"RICCI, GIAMPAOLO",38,623.8333333333334,168.0,219.9643161382917,MIL,176,138,38
013284,"WAINRIGHT, ISH",42,967.85,176.0,216.244055135371,HTA,170,139,31
008072,"DIOP, KHALIFA",28,468.5333333333333,172.0,216.02625883097778,BAS,172,140,32
014088,"SELJAAS, ZACHARY",36,727.5333333333333,211.0,215.69325485027426,ASV,147,141,6
011051,"SMAILAGIC, ALEN",31,511.1,221.0,214.9744748215006,VIR,141,142,-1
014026,"FRISCH, CLEMENT",37,449.45,179.0,214.09908106763572,BAS,168,143,25
006643,"PUERTO, JOSEP",38,598.4166666666666,199.0,212.09881035549526,PAM,156,144,12
014207,"OMORUYI, EUGENE",23,465.2,255.0,211.75675591625279,BAS,128,145,-17
010465,"ANGOLA, BRAIAN",15,365.56666666666666,268.0,211.02650904547806,ASV,119,146,-27
014014,"VAUTIER, BASTIEN",38,481.93333333333334,194.0,209.6340829537703,ASV,159,147,12
013289,"SANTOS, MARCIO",37,520.4333333333333,221.0,206.3948475114067,TEL,141,148,-7
012613,"JANTUNEN, MIKAEL",36,669.0333333333333,178.0,204.65685232187334,ULK,169,149,20
014134,"NORRIS, MILES",36,445.76666666666665,169.0,203.1228946962412,BAR,175,150,25
013373,"CAVALIERE, LEOPOLD",36,503.56666666666666,164.0,201.68950143529372,PRS,180,151,29
014108,"DIARRA, ALIOU",28,298.0333333333333,180.0,200.05829774778573,VIR,166,152,14
011193,"BLATT, TAMIR",38,738.3333333333333,336.0,199.29006030659707,TEL,95,153,-58
005422,"JALLOW, KARIM",37,777.4333333333333,202.0,198.3299848508388,VIR,155,154,1
013369,"JONES, CARLIK",15,420.96666666666664,251.0,197.14503013972535,PAR,132,155,-23
008173,"SPAGNOLO, MATTEO",37,572.45,232.0,197.09407745274044,BAS,134,156,-22
010431,"MORGAN, JEREMY",32,566.8166666666667,185.0,193.40418623971198,PRS,160,157,3
014011,"HOLMES, RICHAUN",19,356.18333333333334,172.0,192.6403914935163,PAN,172,158,14
005713,"KURUCS, RODIONS",26,550.0,184.0,190.088588777423,BAS,162,159,3
008962,"HAYES-DAVIS, NIGEL",16,456.84999999999997,206.0,185.02756059323946,PAN,153,160,-7
014178,"RHODEN, JARED",26,554.65,208.0,184.7814767674545,PRS,152,161,-9
008325,"KAMENJAS, KENAN",28,304.1166666666667,162.0,183.1339709634739,DUB,181,162,19
009992,"BRIZUELA, DARIO",38,590.5833333333334,223.0,182.95872348150252,BAR,137,163,-26
013370,"WASHINGTON, DUANE",23,504.4,254.0,181.82698178607373,PAR,130,164,-34
012618,"MASSA, BODIAN",34,538.9666666666667,151.0,181.59471338042349,ASV,191,165,26
003983,"AVRAMOVIC, ALEKSA",22,374.4833333333333,218.0,177.35672148803877,DUB,143,166,-23
014009,"STEVENS, LAMAR",23,459.06666666666666,183.0,175.06764604469544,PRS,164,167,-3
007993,"M'BAYE, AMATH",34,588.3333333333334,210.0,174.82858354954368,PRS,149,168,-19
007866,"MITOGLOU, KONSTANTINOS",31,401.2,166.0,173.5882500523283,PAN,177,169,8
003842,"LESSORT, MATHIAS",14,317.25,170.0,172.71935267236321,PAN,174,170,4
LCZ,"MOTIEJUNAS, DONATAS",27,338.8666666666667,198.0,172.3525595642176,RED,157,171,-14
005353,"YURTSEVEN, OMER",19,240.36666666666667,159.0,170.50472110557996,PAN,184,172,12
012611,"HERRERA, SEBASTIAN",36,591.1666666666666,180.0,168.90909486442288,PRS,166,173,-7
011085,"ROGKAVOPOULOS, NIKOLAOS",34,418.93333333333334,158.0,168.23121306877493,PAN,186,174,12
003733,"ABALDE, ALBERTO",42,654.0333333333333,158.0,164.19484146973332,MAD,186,175,11
006085,"DIMITRIJEVIC, NENO",16,333.8333333333333,223.0,163.11127227539683,MUN,137,176,-39
009733,"JEKIRI, TONYE",15,289.1333333333333,148.0,162.78677755331017,PAR,192,177,15
000848,"NEDOVIC, NEMANJA",35,470.41666666666663,174.0,162.64803309276851,MCO,171,178,-7
013389,"LEE, SABEN",27,453.1333333333333,215.0,157.75462306043792,IST; OLY,144,179,-35
004887,"POIRIER, VINCENT",14,259.1166666666667,154.0,155.79219788529895,IST,188,180,8
001844,"HACKETT, DANIEL",34,498.71666666666664,153.0,151.04903119008964,VIR,190,181,9
006739,"PAJOLA, ALESSANDRO",24,458.03333333333336,165.0,149.53266290620422,VIR,178,182,-4
001932,"CALATHES, NICK",31,596.2166666666667,184.0,148.55657456083406,PAR,162,183,-21
006725,"EBOUA, PAUL",18,337.71666666666664,135.0,147.46654309798026,ASV,199,184,15
012515,"TARPEY, TERRY",36,276.7833333333333,118.0,145.40962597625636,MCO,209,185,24
007201,"VOIGTMANN, JOHANNES",23,299.1,145.0,145.35335553296588,MUN,193,186,7
003458,"BERTANS, DAVIS",29,540.5833333333334,160.0,144.96508405901932,DUB,183,187,-4
010781,"LUNDBERG, IFFE",16,390.2,198.0,141.61659095813593,TEL,157,188,-31
014190,"RADZEVICIUS, GYTIS",25,442.95,126.0,140.53607467565885,BAS,205,189,16
014086,"DIALLO, HAMIDOU",13,287.75,161.0,138.96589853321612,BAS,182,190,-8
007990,"DIBARTOLOMEO, JOHN",27,386.9,121.0,136.9408035802278,TEL,207,191,16
012742,"DOZIER, PJ",26,570.5333333333333,185.0,135.74012127079857,IST,160,192,-32
013381,"RAYMAN, WILLIAM",38,454.98333333333335,105.0,135.7059764133549,TEL,220,193,27
007230,"SEDEKERSKIS, TADAS",13,310.45,130.0,132.22453148594525,BAS,203,194,9
007200,"LARKIN, SHANE",12,364.25,181.0,129.18048592489,IST,165,195,-30
011823,"ODIASE, TAI",29,345.81666666666666,114.0,128.81362050742624,HTA,212,196,16
009035,"BOLOMBOY, JOEL",15,216.78333333333333,114.0,128.6874304381076,RED,212,197,15
013269,"CALE, MYLES",34,515.9166666666666,110.0,128.0300922431366,BAR,215,198,17
003526,"LIGHTY, DAVID",33,612.7833333333333,130.0,126.92361609318334,ASV,203,199,4
004197,"OUATTARA, YAKUBA",34,572.5166666666667,144.0,126.62221564504988,PRS,196,200,-4
KLT,"HEURTEL, THOMAS",25,486.73333333333335,226.0,126.53258251218327,ASV,135,201,-66
009513,"HOLLATZ, JUSTUS",26,433.41666666666663,122.0,126.2755314604828,MUN,206,202,4
014025,"SWIDER, COLE",30,270.3833333333333,117.0,125.39741440085513,IST,211,203,8
014119,"NOWELL, MARKQUIS",28,402.8833333333333,165.0,123.67807235788769,BAS,178,204,-26
007853,"MCKISSIC, SHAQUIELLE",27,311.7166666666667,135.0,122.63135764462653,OLY,199,205,-6
001557,"GIFFEY, NIELS",32,423.01666666666665,118.0,121.62840956671317,MUN,209,206,3
004007,"DOBRIC, OGNJEN",25,312.51666666666665,112.0,121.37860718726824,RED,214,207,7
004863,"JOVIC, STEFAN",19,351.06666666666666,145.0,118.08001188233682,MUN,193,208,-15
011948,"HOWARD, MARKUS",23,474.81666666666666,159.0,116.694428021528,BAS,184,209,-25
014016,"BOSTON JR., BRANDON",28,331.26666666666665,107.0,114.35803018375938,ULK,219,210,9
011816,"AKELE, NICOLA",27,267.3,86.0,110.39313157440412,VIR,228,211,17
011983,"BRAZDEIKIS, IGNAS",38,561.6666666666666,119.0,108.8085424161157,ZAL,208,212,-4
010750,"DE LARREA, SERGIO",31,345.6666666666667,144.0,108.05304901095138,PAM,196,213,-17
010318,"DESSERT, BRICE",17,219.7,93.0,104.7263905101438,IST,224,214,10
014007,"MILTON, SHAKE",23,427.4,136.0,98.70471782718533,PAR,198,215,-17
011949,"HOMMES, DAULTON",21,285.2833333333333,90.0,97.67299171539084,PRS,225,216,9
008161,"BEGARIN, JUHANN",23,309.8833333333333,86.0,96.45766978539886,MCO,228,217,11
006568,"FALL, YOUSSOUPHA",18,134.85,86.0,95.04879539531208,BAR,228,218,10
014123,"DOWTIN JR, JEFFREY",19,325.8,132.0,94.96753015759896,TEL,201,219,-18
013378,"RATHAN-MAYES, XAVIER",32,487.25,154.0,94.74410418941926,MUN,188,220,-32
008232,"POKUSEVSKI, ALEKSEJ",27,325.8666666666667,78.0,94.51522042035431,PAR,236,221,15
006435,"LAPROVITTOLA, NICOLAS",20,336.7,145.0,94.41027821260785,BAR,193,222,-29
007960,"DAVIDOVAC, DEJAN",21,299.0,73.0,94.4041610493832,RED,240,223,17
010316,"AJINCA, MELVIN",31,549.3,105.0,93.78719999314836,ASV,220,224,-4
006590,"BEAUBOIS, RODRIGUE",21,260.51666666666665,98.0,91.66616790587621,IST,222,225,-3
012096,"CABOCLO, BRUNO",11,140.03333333333333,77.0,90.62991629935182,DUB,237,226,11
003527,"ABASS, AWUDU",31,507.71666666666664,73.0,89.9504756004002,DUB,240,227,13
003048,"DUNSTON, BRYANT",17,186.11666666666667,80.0,89.68711754103342,MIL,234,228,6
011201,"HAZER, SEHMUS",33,435.1333333333333,131.0,89.18690300960328,IST,202,229,-27
014169,"LEN, ALEX",23,210.83333333333334,85.0,87.84074812045661,MAD,231,230,1
014316,"JOSEPH, CORY",16,249.08333333333331,108.0,87.02334264612026,OLY,216,231,-15
007736,"LAKIC, ARIJAN",25,328.5,68.0,85.72822185081884,PAR,245,232,13
014416,"EDWARDS, KESSLER",13,170.6,73.0,85.22610978126738,HTA,240,233,7
007929,"BITIM, ONURALP",29,307.5833333333333,70.0,83.6593918501423,ULK,243,234,9
003091,"BIRSEN, METECAN",24,269.81666666666666,64.0,82.84590489745116,ULK,247,235,12
014213,"PAYNE, CAMERON",10,233.35,108.0,82.21087639350853,PAR,216,236,-20
007029,"SIRVYDIS, DEIVIDAS",27,331.2833333333333,95.0,80.4234467066777,ZAL,223,237,-14
002661,"PREPELIC, KLEMEN",27,363.09999999999997,90.0,80.18936935222047,DUB,225,238,-13
001255,"PAPANIKOLAOU, KOSTAS",36,515.2333333333333,82.0,78.10769593310452,OLY,232,239,-7
004761,"MARINKOVIC, VANJA",19,389.34999999999997,79.0,71.84585373981528,PAR,235,240,-5
014220,"SILVA, CHRIS",16,139.23333333333335,68.0,69.49943857275069,ULK,245,241,4
012745,"PARKER, JABARI",15,288.6333333333333,76.0,67.85592752906176,PAR,238,242,-4
014162,"DINWIDDIE, SPENCER",11,253.71666666666664,108.0,65.40255749570134,MUN,216,243,-27
014031,"KONDIC, KOSTA",16,188.03333333333333,60.0,63.76210382392286,DUB,249,244,5
009622,"BROWN, LORENZO",12,173.7,82.0,63.755966212071016,MIL,232,245,-13
014120,"LAVI, GUR",15,168.8,50.0,58.56933157473753,TEL,251,246,5
013304,"HANKINS, ZACHARY",10,103.01666666666667,46.0,56.218294226547,TEL,253,247,6
000229,"JACKSON, EDWIN",21,330.21666666666664,90.0,55.4046576366556,ASV,225,248,-23
006372,"YILMAZ, ERKAN",23,203.81666666666666,38.0,53.306254325844236,IST,259,249,10
010550,"GINAT, TOMER",14,137.25,43.0,47.64001976920343,HTA,254,250,4
014015,"BACOT JR., ARMANDO",26,263.01666666666665,35.0,46.67801889144458,ULK,265,251,14
014219,"FERRARI, FRANCESCO",12,115.1,41.0,44.22768843863588,VIR,257,252,5
006591,"NTILIKINA, FRANK",24,393.8333333333333,62.0,43.86278590437519,OLY,248,253,-5
006904,"AYAYI, JOEL",13,136.86666666666667,35.0,43.040581250244024,PRS,265,254,11
011214,"RIVERO, JASIEL",9,88.45,39.0,41.98952216440692,RED,258,255,3
012597,"BALDWIN, KAMAR",9,146.86666666666665,50.0,41.2842391709146,MUN,251,256,-5
007513,"GIEDRAITIS, DOVYDAS",20,249.66666666666666,36.0,40.727446180480776,ZAL,262,257,5
014157,"ELLIS, BOOGIE",5,88.85000000000001,43.0,39.94514230686569,DUB,254,258,-4
011052,"MADAR, YAM",16,155.29999999999998,51.0,39.39052301298125,HTA,250,259,-9
011935,"MAKOUNDOU, YOAN",5,37.483333333333334,38.0,39.09486156015281,MCO,259,260,-1
009948,"MARCOS, JUANI",31,266.35,43.0,36.38308690223238,BAR,254,261,-7
TGB,"LLULL, SERGIO",40,426.25,76.0,35.40100244366677,MAD,238,262,-24
010035,"VILLAR, RAFA",27,168.23333333333332,25.0,35.15747299554524,BAS,273,263,10
012612,"SHAHRVIN, ENZO",11,94.85,24.0,34.85831914386242,PRS,274,264,10
011442,"SAMODUROV, ALEXANDROS",13,80.33333333333333,36.0,33.94456253663664,PAN,262,265,-3
011209,"KALAITZAKIS, PANAGIOTIS",26,132.83333333333334,26.0,33.28911027461024,PAN,271,266,5
007579,"SAMANIC, LUKA",5,69.01666666666667,36.0,31.63400597018415,BAS,262,267,-5
011064,"MANNION, NICCOLO",22,253.98333333333332,70.0,29.631299453263786,MIL,243,268,-25
008858,"ENNIS, TYLER",10,83.73333333333333,32.0,28.102585607012475,HTA,269,269,0
006661,"WILBEKIN, SCOTTIE",6,88.95,35.0,28.024398964585547,ULK,265,270,-5
004655,"BAKO, ISMAEL",9,83.26666666666667,23.0,27.218080328734455,PRS,275,271,4
005844,"PAPAGIANNIS, GEORGIOS",5,73.88333333333333,26.0,26.752385158558038,IST,271,272,-1
014094,"MILJENOVIC, STEFAN",13,89.51666666666667,28.0,25.678463227831994,RED,270,273,-3
004292,"TOLIOPOULOS, VASSILIS",10,95.63333333333333,34.0,24.522045224134246,PAN,268,274,-6
011980,"SESTINA, NATHAN",13,110.46666666666667,20.0,24.20439841666113,MIL; PAM,279,275,4
004846,"TIMOR, BAR",10,57.81666666666667,18.0,21.564422214772833,HTA,280,276,4
005942,"DANGUBIC, NEMANJA",14,107.36666666666666,8.0,20.261371495431664,DUB,293,277,16
006509,"TONUT, STEFANO",10,89.69999999999999,14.0,19.85229542638805,MIL,283,278,5
012885,"KEITA, SAYON",6,51.56666666666666,15.0,17.786894523051643,BAR,281,279,2
009299,"RUBSTAVICIUS, MANTAS",17,73.46666666666667,15.0,16.38112510185468,ZAL,281,280,1
006482,"KRAMER, DAVID",14,158.71666666666667,12.0,16.316069830906066,MAD,284,281,3
002968,"SANLI, SERTAC",7,54.88333333333333,10.0,14.387004977304692,DUB,288,282,6
013382,"RANDOLPH, LEVI",12,123.08333333333334,8.0,12.155109815998793,HTA,293,283,10
008104,"ZAGARS, ARTURS",5,56.36666666666666,21.0,12.142140555667229,ULK,277,284,-7
011305,"CARTER, TYSON",11,161.56666666666666,22.0,11.736523839646768,RED,276,285,-9
014004,"TAYLOR, BRANDON",11,82.6,21.0,11.660939009280197,VIR,277,286,-9
002328,"GRIGONIS, MARIUS",19,110.61666666666667,9.0,11.139620145808557,PAN,290,287,3
006277,"TOTE, LEONARDO",1,17.2,11.0,11.012009077536645,MIL,285,288,-3
010162,"NOGUES, ISAAC",13,42.3,4.0,10.729010573023581,PAM,301,289,12
011221,"ANTETOKOUNMPO, KOSTAS",4,22.683333333333334,9.0,10.70835482507513,OLY,290,290,0
008176,"MUTAF, DAVID",8,49.766666666666666,11.0,9.022324674667454,IST,285,291,-6
008811,"FALL, MOUSTAPHA",2,13.433333333333334,11.0,8.943896472059121,OLY,285,292,-7
008384,"PROCIDA, GABRIELE",8,39.9,7.0,7.869684918316059,MAD,296,293,3
005596,"SIMA, YANKUBA",6,49.45,3.0,7.745583632587201,PAM,304,294,10
006240,"PLAVSIC, UROS",7,35.55,4.0,7.35570163064931,RED,301,295,6
012977,"MIKALAUSKAS, KAJUS",2,18.150000000000002,9.0,7.085584794945422,ZAL,290,296,-6
013027,"ACCORSI, MATTEO",6,25.333333333333336,3.0,5.304400603459847,VIR,304,297,7
013385,"DIOP, OUSMANE",2,13.316666666666666,6.0,5.1884663730209475,MIL,297,298,-1
014212,"MORRIS, MONTE",8,92.33333333333333,10.0,5.109669218350434,OLY,288,299,-11
005683,"RADANOV, ALEKSA",10,68.28333333333333,2.0,5.073788108393364,PAR,310,300,10
004512,"KRATZER, LEON",9,57.983333333333334,-4.0,4.665308161314071,MUN,329,301,28
014121,"OMORUYI, CLIFFORD",3,16.1,3.0,4.476833652630346,TEL,304,302,2
005670,"FLACCADORI, DIEGO",7,41.300000000000004,6.0,4.115457221990777,MIL,297,303,-6
013283,"PALATIN, GUY",10,21.666666666666668,1.0,3.8467285815471484,HTA,312,304,8
007632,"NAKIC, MARIO",1,6.216666666666667,3.0,3.430584197851113,PAR,304,305,-1
014177,"RYAN, MATT",2,12.783333333333333,4.0,2.6074403686757197,DUB,301,306,-5
014133,"IROEGBU, IKE",2,24.683333333333334,5.0,2.0827794760391694,PAM,300,307,-7
014105,"BOL, JUOM MAKER",1,2.6333333333333333,2.0,1.7955708258496286,BAS,310,308,2
005356,"LOPEZ-AROSTEGUI, XABI",10,84.73333333333333,3.0,1.4082113074546667,PAM,304,309,-5
012365,"HRABAR, VIT",4,10.216666666666667,0.0,1.205618041388874,BAS,315,310,5
012167,"BOSNJAKOVIC, MITAR",3,9.4,0.0,0.9203157066951794,PAR,315,311,4
004451,"KOUZELOGLOU, IOANNIS",3,16.916666666666668,0.0,0.8115607336088428,PAN,315,312,3
007673,"TRIFUNOVIC, UROS",1,3.1666666666666665,1.0,0.6824933139992577,TEL,312,313,-1
012044,"DOS SANTOS, YAGO",25,269.1166666666667,38.0,0.3649277074820556,RED,259,314,-55
011218,"EVANS, KEENAN",1,2.0166666666666666,0.0,0.0,OLY,315,315,0
013555,"GRINVALDS, GUNARS",1,0.8,0.0,0.0,MAD,315,315,0
011686,"RADOSIC, OGNJEN",1,0.85,0.0,0.0,RED,315,315,0
000956,"ANDJUSIC, DANILO",1,4.0,0.0,-0.6350133720014846,DUB,315,318,-3
014141,"ARMSTRONG, TARAN",7,40.0,-4.0,-0.7582081592429004,DUB,329,319,10
012997,"MUURINEN, MIIKKA",6,10.95,0.0,-0.8037899214076024,PAR,315,320,-5
002969,"MAHMUTOGLU, MELIH",7,41.78333333333333,1.0,-0.9967448690073093,ULK,312,321,-9
010105,"ALMANSA, IZAN",3,9.633333333333333,-2.0,-1.0616109469356028,MAD,325,322,3
014128,"KUSTURICA, NIKOLA",1,1.1333333333333333,-2.0,-1.827775177156676,BAR,325,323,2
004161,"SEGEV, ITAY",1,2.9833333333333334,-2.0,-1.827775177156676,HTA,325,323,2
014028,"GRAHAM, DEVONTE",7,79.65,6.0,-2.0975750639838457,RED,297,325,-28
009556,"NGOUAMA, MEHDY",12,129.06666666666666,3.0,-2.2779600546283842,ASV,304,326,-22
014122,"NETZIPOGLOU, OMIROS",4,14.533333333333333,-4.0,-2.449932312924478,OLY,329,327,2
003836,"MICHINEAU, DAVID",4,8.933333333333334,-1.0,-2.7673702723153926,MCO,324,328,-4
010392,"LARENTZAKIS, GIANNOULIS",7,20.933333333333334,0.0,-3.4934910753544925,OLY,315,329,-14
010106,"NUNEZ, JUAN",1,5.266666666666667,-2.0,-3.5415511644616897,BAR,325,330,-5
012268,"ATAMNA, ADAM",17,176.88333333333333,8.0,-3.644305395038342,ASV,293,331,-38
012943,"MIJAILOVIC, UROS",5,12.200000000000001,-6.0,-3.9690704173970994,PAR,334,332,2
014107,"JOKSIMOVIC, STEFAN",11,65.35,-5.0,-5.267496009487504,BAS,332,333,-1
005379,"CANCAR, VLATKO",2,15.45,-5.0,-5.399654615248212,MIL,332,334,-2
013028,"BAIOCCHI, MATTEO",5,49.516666666666666,-6.0,-7.488225696725538,VIR,334,335,-1
