Season,Component,TeamGameMean,TeamGameSD,StandardizedMeanShiftFromPreviousSeason
E2020,PTS,79.3734756097561,10.440999922591297,
E2020,TR,32.40853658536585,5.4314621222325465,
E2020,AST,17.551829268292682,4.490884705073747,
E2020,STL,6.727134146341464,2.5555287423029442,
E2020,BLK,2.4222560975609757,1.748708173446174,
E2020,FD,19.972560975609756,3.5509158251782713,
E2020,MFG,31.679878048780488,5.458375527550486,
E2020,MFT,3.466463414634146,2.170078604820695,
E2020,TO,13.262195121951219,3.5909146957525078,
E2020,BLKA,2.4222560975609757,1.748708173446174,
E2020,FC,20.117378048780488,3.5894412165855316,
E2021,PTS,77.03010033444816,11.047742107577987,0.21801571443273138
E2021,TR,33.26254180602007,5.620046081122278,0.15452749001841165
E2021,AST,16.403010033444815,4.148956145049597,0.26572726162451377
E2021,STL,6.471571906354515,2.7190080089109308,0.09685763503583744
E2021,BLK,2.280936454849498,1.6864612748039958,0.0822646156402551
E2021,FD,19.259197324414714,3.4667132889745456,0.20329153734034291
E2021,MFG,32.47658862876254,5.583835401763237,0.1442934147484914
E2021,MFT,3.6070234113712374,2.2303210402531115,0.06387911912537532
E2021,TO,12.297658862876254,3.5955697197214755,0.2684305707669648
E2021,BLKA,2.280936454849498,1.687452551338517,0.08224131765030254
E2021,FC,19.44648829431438,3.4861857398028557,0.18961382049879785
E2022,PTS,80.73780487804878,10.6383812752246,0.3418816795458261
E2022,TR,33.24390243902439,5.496531002700939,0.0033532294030780823
E2022,AST,17.01829268292683,4.572548738189369,0.14092940077317032
E2022,STL,6.522865853658536,2.529598267836003,0.019533025228286868
E2022,BLK,2.3780487804878048,1.6455056595676736,0.05828688711708922
E2022,FD,20.59451219512195,3.524336177743792,0.381994011297636
E2022,MFG,32.26219512195122,5.5700777295426445,0.03844271354841949
E2022,MFT,3.9832317073170733,2.5105920582398653,0.15843049838010606
E2022,TO,12.301829268292684,3.5484962902714434,0.001167490580322254
E2022,BLKA,2.3765243902439024,1.6463181739545125,0.05734087181525965
E2022,FC,20.838414634146343,3.6644451779532554,0.38919475523415203
E2023,PTS,81.59365558912387,10.900240674293117,0.07946538724038518
E2023,TR,33.829305135951664,5.456462046694075,0.10689293367245804
E2023,AST,17.667673716012086,4.3281011475109485,0.14586266730100872
E2023,STL,6.555891238670695,2.6238022801059917,0.012814788313112625
E2023,BLK,2.4138972809667676,1.7323090021340828,0.02121884881847898
E2023,FD,19.52870090634441,3.390709423844488,0.30820110485001384
E2023,MFG,32.933534743202415,5.54888676251134,0.1207555618161488
E2023,MFT,3.901812688821752,2.39038160271668,0.033215660257900896
E2023,TO,12.321752265861027,3.5341379526749037,0.005625860646053225
E2023,BLKA,2.4108761329305137,1.7330280555878295,0.020323718145505248
E2023,FC,19.790030211480364,3.4679835159298236,0.29386538005998303
E2024,PTS,83.91060606060606,10.505966973912157,0.21643792306891904
E2024,TR,33.95,5.533007018490639,0.021965016809669585
E2024,AST,18.433333333333334,4.415205590234774,0.17513319556823256
E2024,STL,6.445454545454545,2.6015835398081206,0.0422689151306559
E2024,BLK,2.3848484848484848,1.744362558248404,0.01671059289475296
E2024,FD,20.215151515151515,3.331995599338759,0.20421078354614233
E2024,MFG,32.99090909090909,5.423566065839284,0.010457207113029419
E2024,MFT,4.13939393939394,2.3986030522759516,0.09921973762238301
E2024,TO,12.316666666666666,3.4273447330538436,0.0014608959393955566
E2024,BLKA,2.3848484848484848,1.744362558248404,0.014969563509802218
E2024,FC,20.45909090909091,3.3898009806927067,0.19511176602188707
E2025,PTS,85.99751243781094,11.217212865003521,0.19203346053712686
E2025,TR,34.79228855721393,5.632209276089629,0.150871293656069
E2025,AST,18.84328358208955,4.274221835921222,0.09434368483977602
E2025,STL,6.365671641791045,2.528566280418499,0.03110038754446292
E2025,BLK,2.5621890547263684,1.7074210817276334,0.10274712051579002
E2025,FD,20.670398009950247,3.294737148303936,0.13739479671233454
E2025,MFG,33.84950248756219,5.5874759786671895,0.1559340669813464
E2025,MFT,4.253731343283582,2.4091034866554835,0.04756410577780693
E2025,TO,12.390547263681592,3.424263758469423,0.021565911022741722
E2025,BLKA,2.5621890547263684,1.7074210817276334,0.10274712051579002
E2025,FC,20.946517412935325,3.3677391490531075,0.14426075075557054
