TargetSeason,CalibrationSeasons,Pair,Games,SignedContrastPearsonR
E2021,E2020,BLK-BLKA,328,1.0
E2021,E2020,FD-FC,328,0.9916087329169474
E2022,E2020+E2021,BLK-BLKA,627,0.999718529553132
E2022,E2020+E2021,FD-FC,627,0.991958794521227
E2023,E2020+E2021+E2022,BLK-BLKA,955,0.9997225127684419
E2023,E2020+E2021+E2022,FD-FC,955,0.9905593489589949
E2024,E2021+E2022+E2023,BLK-BLKA,958,0.9995470279096638
E2024,E2021+E2022+E2023,FD-FC,958,0.9886572009292616
E2025,E2022+E2023+E2024,BLK-BLKA,989,0.9997474814176431
E2025,E2022+E2023+E2024,FD-FC,989,0.9868061558416116
