Experiment,TargetSeason,Tau,Alpha,TrainingGames,ValidationGames,CutoffDate,SplitFraction,ValidationWinnerHigher,ValidationTies,ValidationLoserHigher,ValidationSoftLoss,Objective,Converged,Iterations,Fallback,Message,BoundaryCount,Selected
X1,E2021,1.0,0.001,243,85,2021-03-05,0.7,79,0,6,0.22661567375062341,0.4461469047174711,True,15,False,CONVERGENCE: RELATIVE REDUCTION OF F <= FACTR*EPSMCH,4,False
X1,E2021,1.0,0.003,243,85,2021-03-05,0.7,79,0,6,0.22656372352662354,0.44648928049691633,True,15,False,CONVERGENCE: RELATIVE REDUCTION OF F <= FACTR*EPSMCH,4,False
X1,E2021,1.0,0.01,243,85,2021-03-05,0.7,79,0,6,0.22638462849114555,0.44768663756533283,True,15,False,CONVERGENCE: RELATIVE REDUCTION OF F <= FACTR*EPSMCH,4,False
X1,E2021,1.0,0.03,243,85,2021-03-05,0.7,79,0,6,0.22589570492560657,0.4510996131649916,True,15,False,CONVERGENCE: NORM OF PROJECTED GRADIENT <= PGTOL,4,False
X1,E2021,1.0,0.1,243,85,2021-03-05,0.7,79,0,6,0.22442717683581162,0.4629573362557855,True,15,False,CONVERGENCE: NORM OF PROJECTED GRADIENT <= PGTOL,4,False
X1,E2021,1.0,0.3,243,85,2021-03-05,0.7,79,0,6,0.22182333798230236,0.4962167566690807,True,14,False,CONVERGENCE: RELATIVE REDUCTION OF F <= FACTR*EPSMCH,4,False
X1,E2021,1.0,1.0,243,85,2021-03-05,0.7,79,0,6,0.22021703438901216,0.6074447508446507,True,13,False,CONVERGENCE: RELATIVE REDUCTION OF F <= FACTR*EPSMCH,3,False
X1,E2021,1.0,3.0,243,85,2021-03-05,0.7,76,0,9,0.25553665026028716,0.8456387436766964,True,13,False,CONVERGENCE: RELATIVE REDUCTION OF F <= FACTR*EPSMCH,1,False
X1,E2021,1.0,10.0,243,85,2021-03-05,0.7,77,0,8,0.4681602004133876,1.1199190204646063,True,9,False,CONVERGENCE: RELATIVE REDUCTION OF F <= FACTR*EPSMCH,0,False
X1,E2021,2.0,0.001,243,85,2021-03-05,0.7,78,0,7,0.16413153622435767,0.2850674667500896,True,16,False,CONVERGENCE: NORM OF PROJECTED GRADIENT <= PGTOL,4,False
X1,E2021,2.0,0.003,243,85,2021-03-05,0.7,78,0,7,0.16413849693846902,0.28540048242624816,True,15,False,CONVERGENCE: RELATIVE REDUCTION OF F <= FACTR*EPSMCH,4,False
X1,E2021,2.0,0.01,243,85,2021-03-05,0.7,78,0,7,0.1641632085634549,0.2865647862813254,True,15,False,CONVERGENCE: RELATIVE REDUCTION OF F <= FACTR*EPSMCH,4,False
X1,E2021,2.0,0.03,243,85,2021-03-05,0.7,78,0,7,0.1642366987115788,0.28988116076481535,True,15,False,CONVERGENCE: RELATIVE REDUCTION OF F <= FACTR*EPSMCH,4,False
X1,E2021,2.0,0.1,243,85,2021-03-05,0.7,78,0,7,0.1645225333584095,0.3013858679221724,True,14,False,CONVERGENCE: RELATIVE REDUCTION OF F <= FACTR*EPSMCH,4,False
X1,E2021,2.0,0.3,243,85,2021-03-05,0.7,78,0,7,0.16545778733293867,0.33364198890243063,True,13,False,CONVERGENCE: NORM OF PROJECTED GRADIENT <= PGTOL,4,False
X1,E2021,2.0,1.0,243,85,2021-03-05,0.7,77,0,8,0.1756525335660391,0.4322128163027443,True,11,False,CONVERGENCE: RELATIVE REDUCTION OF F <= FACTR*EPSMCH,2,False
X1,E2021,2.0,3.0,243,85,2021-03-05,0.7,77,0,8,0.24891893595154277,0.5647080558209967,True,11,False,CONVERGENCE: RELATIVE REDUCTION OF F <= FACTR*EPSMCH,0,False
X1,E2021,2.0,10.0,243,85,2021-03-05,0.7,75,0,10,0.3307707908192905,0.649426102106433,True,8,False,CONVERGENCE: RELATIVE REDUCTION OF F <= FACTR*EPSMCH,0,False
X1,E2021,3.0,0.001,243,85,2021-03-05,0.7,78,0,7,0.16011842772280074,0.24882630140276168,True,14,False,CONVERGENCE: RELATIVE REDUCTION OF F <= FACTR*EPSMCH,4,False
X1,E2021,3.0,0.003,243,85,2021-03-05,0.7,78,0,7,0.16018091325436887,0.24919932726878397,True,14,False,CONVERGENCE: RELATIVE REDUCTION OF F <= FACTR*EPSMCH,4,False
X1,E2021,3.0,0.01,243,85,2021-03-05,0.7,78,0,7,0.16039311643365545,0.2504965454296157,True,15,False,CONVERGENCE: NORM OF PROJECTED GRADIENT <= PGTOL,4,False
X1,E2021,3.0,0.03,243,85,2021-03-05,0.7,78,0,7,0.16094900769853243,0.254141545590449,True,15,False,CONVERGENCE: RELATIVE REDUCTION OF F <= FACTR*EPSMCH,4,False
X1,E2021,3.0,0.1,243,85,2021-03-05,0.7,79,0,6,0.16247006916088963,0.26642750008918215,True,15,False,CONVERGENCE: NORM OF PROJECTED GRADIENT <= PGTOL,4,False
X1,E2021,3.0,0.3,243,85,2021-03-05,0.7,80,0,5,0.16514900304782132,0.29971790602789217,True,13,False,CONVERGENCE: NORM OF PROJECTED GRADIENT <= PGTOL,4,True
X1,E2021,3.0,1.0,243,85,2021-03-05,0.7,77,0,8,0.1892720980117027,0.3844174198591303,True,11,False,CONVERGENCE: RELATIVE REDUCTION OF F <= FACTR*EPSMCH,0,False
X1,E2021,3.0,3.0,243,85,2021-03-05,0.7,76,0,9,0.240783650028893,0.456176271645633,True,9,False,CONVERGENCE: RELATIVE REDUCTION OF F <= FACTR*EPSMCH,0,False
X1,E2021,3.0,10.0,243,85,2021-03-05,0.7,75,0,10,0.2797174862289971,0.49408803550957925,True,8,False,CONVERGENCE: NORM OF PROJECTED GRADIENT <= PGTOL,0,False
X1,E2021,5.0,0.001,243,85,2021-03-05,0.7,80,0,5,0.17901814001147123,0.24720085909513032,True,13,False,CONVERGENCE: NORM OF PROJECTED GRADIENT <= PGTOL,5,False
X1,E2021,5.0,0.003,243,85,2021-03-05,0.7,80,0,5,0.17912147559246225,0.24763347207821262,True,13,False,CONVERGENCE: NORM OF PROJECTED GRADIENT <= PGTOL,5,False
X1,E2021,5.0,0.01,243,85,2021-03-05,0.7,80,0,5,0.17947310440755443,0.2491355183120052,True,13,False,CONVERGENCE: NORM OF PROJECTED GRADIENT <= PGTOL,5,False
X1,E2021,5.0,0.03,243,85,2021-03-05,0.7,78,0,7,0.1803984242108235,0.2533393767588061,True,10,False,CONVERGENCE: NORM OF PROJECTED GRADIENT <= PGTOL,5,False
X1,E2021,5.0,0.1,243,85,2021-03-05,0.7,79,0,6,0.18294138383437678,0.2674040957060901,True,10,False,CONVERGENCE: NORM OF PROJECTED GRADIENT <= PGTOL,5,False
X1,E2021,5.0,0.3,243,85,2021-03-05,0.7,80,0,5,0.18758949876643954,0.30331947045854707,True,13,False,CONVERGENCE: RELATIVE REDUCTION OF F <= FACTR*EPSMCH,2,False
X1,E2021,5.0,1.0,243,85,2021-03-05,0.7,77,0,8,0.21806745686039522,0.3555748828709263,True,11,False,CONVERGENCE: RELATIVE REDUCTION OF F <= FACTR*EPSMCH,0,False
X1,E2021,5.0,3.0,243,85,2021-03-05,0.7,76,0,9,0.24397732780363726,0.3839527149986313,True,9,False,CONVERGENCE: RELATIVE REDUCTION OF F <= FACTR*EPSMCH,0,False
X1,E2021,5.0,10.0,243,85,2021-03-05,0.7,75,0,10,0.25861352770904916,0.3968473182415292,True,7,False,CONVERGENCE: NORM OF PROJECTED GRADIENT <= PGTOL,0,False
X1,E2021,10.0,0.001,243,85,2021-03-05,0.7,80,0,5,0.2491128451310396,0.31187278405870333,True,10,False,CONVERGENCE: NORM OF PROJECTED GRADIENT <= PGTOL,6,False
X1,E2021,10.0,0.003,243,85,2021-03-05,0.7,80,0,5,0.2490978477289163,0.31227338117430975,True,10,False,CONVERGENCE: NORM OF PROJECTED GRADIENT <= PGTOL,6,False
X1,E2021,10.0,0.01,243,85,2021-03-05,0.7,80,0,5,0.24904811003448235,0.3136753642676411,True,10,False,CONVERGENCE: NORM OF PROJECTED GRADIENT <= PGTOL,6,False
X1,E2021,10.0,0.03,243,85,2021-03-05,0.7,80,0,5,0.2489260411879801,0.31768024953409474,True,8,False,CONVERGENCE: NORM OF PROJECTED GRADIENT <= PGTOL,6,False
X1,E2021,10.0,0.1,243,85,2021-03-05,0.7,79,0,6,0.24921074067605184,0.33079460394997495,True,11,False,CONVERGENCE: NORM OF PROJECTED GRADIENT <= PGTOL,3,False
X1,E2021,10.0,0.3,243,85,2021-03-05,0.7,77,0,8,0.2577869849156504,0.3540634685846109,True,11,False,CONVERGENCE: RELATIVE REDUCTION OF F <= FACTR*EPSMCH,1,False
X1,E2021,10.0,1.0,243,85,2021-03-05,0.7,76,0,9,0.28595766557138813,0.37872798008416614,True,9,False,CONVERGENCE: RELATIVE REDUCTION OF F <= FACTR*EPSMCH,0,False
X1,E2021,10.0,3.0,243,85,2021-03-05,0.7,75,0,10,0.3018476631826521,0.3890809005089794,True,8,False,CONVERGENCE: RELATIVE REDUCTION OF F <= FACTR*EPSMCH,0,False
X1,E2021,10.0,10.0,243,85,2021-03-05,0.7,75,0,10,0.30927961759479483,0.39336792981711965,True,7,False,CONVERGENCE: RELATIVE REDUCTION OF F <= FACTR*EPSMCH,0,False
X2,E2022,1.0,0.001,481,146,2021-12-30,0.7,135,0,11,0.3931873159335953,0.49243094648392977,True,14,False,CONVERGENCE: RELATIVE REDUCTION OF F <= FACTR*EPSMCH,5,False
X2,E2022,1.0,0.003,481,146,2021-12-30,0.7,135,0,11,0.393188660730227,0.49278817281436554,True,14,False,CONVERGENCE: RELATIVE REDUCTION OF F <= FACTR*EPSMCH,5,False
X2,E2022,1.0,0.01,481,146,2021-12-30,0.7,135,0,11,0.39319331039239597,0.4940383682743295,True,14,False,CONVERGENCE: RELATIVE REDUCTION OF F <= FACTR*EPSMCH,5,False
X2,E2022,1.0,0.03,481,146,2021-12-30,0.7,135,0,11,0.3932061194510252,0.4976095387619297,True,14,False,CONVERGENCE: RELATIVE REDUCTION OF F <= FACTR*EPSMCH,5,False
X2,E2022,1.0,0.1,481,146,2021-12-30,0.7,135,0,11,0.39324592006089526,0.5100995604611708,True,14,False,CONVERGENCE: NORM OF PROJECTED GRADIENT <= PGTOL,5,False
X2,E2022,1.0,0.3,481,146,2021-12-30,0.7,135,0,11,0.39375431163484576,0.5457113437413537,True,12,False,CONVERGENCE: RELATIVE REDUCTION OF F <= FACTR*EPSMCH,4,False
X2,E2022,1.0,1.0,481,146,2021-12-30,0.7,134,0,12,0.4155518670209104,0.6608547929831832,True,12,False,CONVERGENCE: RELATIVE REDUCTION OF F <= FACTR*EPSMCH,3,False
X2,E2022,1.0,3.0,481,146,2021-12-30,0.7,133,0,13,0.5423005370773311,0.8835505203906248,True,13,False,CONVERGENCE: RELATIVE REDUCTION OF F <= FACTR*EPSMCH,0,False
X2,E2022,1.0,10.0,481,146,2021-12-30,0.7,129,0,17,0.8025806592424559,1.1012281352769375,True,9,False,CONVERGENCE: RELATIVE REDUCTION OF F <= FACTR*EPSMCH,0,False
X2,E2022,2.0,0.001,481,146,2021-12-30,0.7,135,0,11,0.25057782486583063,0.31047554097554997,True,13,False,CONVERGENCE: NORM OF PROJECTED GRADIENT <= PGTOL,4,False
X2,E2022,2.0,0.003,481,146,2021-12-30,0.7,135,0,11,0.2506222170445605,0.31082209846635483,True,13,False,CONVERGENCE: NORM OF PROJECTED GRADIENT <= PGTOL,4,False
X2,E2022,2.0,0.01,481,146,2021-12-30,0.7,135,0,11,0.25077768324761085,0.31203159684815357,True,12,False,CONVERGENCE: RELATIVE REDUCTION OF F <= FACTR*EPSMCH,4,False
X2,E2022,2.0,0.03,481,146,2021-12-30,0.7,136,0,10,0.2512208026365496,0.315459524813023,True,12,False,CONVERGENCE: RELATIVE REDUCTION OF F <= FACTR*EPSMCH,4,False
X2,E2022,2.0,0.1,481,146,2021-12-30,0.7,136,0,10,0.2527099383900648,0.32719227482815777,True,12,False,CONVERGENCE: NORM OF PROJECTED GRADIENT <= PGTOL,4,False
X2,E2022,2.0,0.3,481,146,2021-12-30,0.7,136,0,10,0.2560851710193244,0.359369784995659,True,11,False,CONVERGENCE: NORM OF PROJECTED GRADIENT <= PGTOL,4,False
X2,E2022,2.0,1.0,481,146,2021-12-30,0.7,135,0,11,0.29355612933058006,0.45359984261147535,True,11,False,CONVERGENCE: RELATIVE REDUCTION OF F <= FACTR*EPSMCH,1,False
X2,E2022,2.0,3.0,481,146,2021-12-30,0.7,130,0,16,0.4037545217365284,0.563013379073207,True,11,False,CONVERGENCE: RELATIVE REDUCTION OF F <= FACTR*EPSMCH,0,False
X2,E2022,2.0,10.0,481,146,2021-12-30,0.7,127,0,19,0.4961389811162262,0.6289222140889181,True,8,False,CONVERGENCE: RELATIVE REDUCTION OF F <= FACTR*EPSMCH,0,False
X2,E2022,3.0,0.001,481,146,2021-12-30,0.7,137,0,9,0.2303563241958857,0.27010004028136253,True,13,False,CONVERGENCE: NORM OF PROJECTED GRADIENT <= PGTOL,4,False
X2,E2022,3.0,0.003,481,146,2021-12-30,0.7,137,0,9,0.2303686560019947,0.2704155654582304,True,13,False,CONVERGENCE: NORM OF PROJECTED GRADIENT <= PGTOL,4,False
X2,E2022,3.0,0.01,481,146,2021-12-30,0.7,137,0,9,0.23041104196491513,0.27151894758036,True,11,False,CONVERGENCE: NORM OF PROJECTED GRADIENT <= PGTOL,4,False
X2,E2022,3.0,0.03,481,146,2021-12-30,0.7,137,0,9,0.23052613879191666,0.27466397514312285,True,11,False,CONVERGENCE: NORM OF PROJECTED GRADIENT <= PGTOL,4,False
X2,E2022,3.0,0.1,481,146,2021-12-30,0.7,137,0,9,0.23087840225196032,0.28560401887242254,True,13,False,CONVERGENCE: NORM OF PROJECTED GRADIENT <= PGTOL,4,False
X2,E2022,3.0,0.3,481,146,2021-12-30,0.7,137,0,9,0.23338668269938842,0.3163583834964017,True,13,False,CONVERGENCE: NORM OF PROJECTED GRADIENT <= PGTOL,3,True
X2,E2022,3.0,1.0,481,146,2021-12-30,0.7,132,0,14,0.2807435234586478,0.3894329554801288,True,11,False,CONVERGENCE: RELATIVE REDUCTION OF F <= FACTR*EPSMCH,0,False
X2,E2022,3.0,3.0,481,146,2021-12-30,0.7,130,0,16,0.3502946256920959,0.4460842721054239,True,9,False,CONVERGENCE: RELATIVE REDUCTION OF F <= FACTR*EPSMCH,0,False
X2,E2022,3.0,10.0,481,146,2021-12-30,0.7,127,0,19,0.3966716473503615,0.4755362579833487,True,8,False,CONVERGENCE: NORM OF PROJECTED GRADIENT <= PGTOL,0,False
X2,E2022,5.0,0.001,481,146,2021-12-30,0.7,134,0,12,0.24383536139720768,0.2596457690925358,True,14,False,CONVERGENCE: NORM OF PROJECTED GRADIENT <= PGTOL,3,False
X2,E2022,5.0,0.003,481,146,2021-12-30,0.7,135,0,11,0.24373400212378687,0.260056505539278,True,14,False,CONVERGENCE: NORM OF PROJECTED GRADIENT <= PGTOL,3,False
X2,E2022,5.0,0.01,481,146,2021-12-30,0.7,135,0,11,0.24345704128522005,0.26146238635027186,True,14,False,CONVERGENCE: NORM OF PROJECTED GRADIENT <= PGTOL,3,False
X2,E2022,5.0,0.03,481,146,2021-12-30,0.7,134,0,12,0.24311327103576982,0.265266571330777,True,12,False,CONVERGENCE: NORM OF PROJECTED GRADIENT <= PGTOL,3,False
X2,E2022,5.0,0.1,481,146,2021-12-30,0.7,135,0,11,0.24387070202277872,0.27720760301898983,True,14,False,CONVERGENCE: NORM OF PROJECTED GRADIENT <= PGTOL,3,False
X2,E2022,5.0,0.3,481,146,2021-12-30,0.7,135,0,11,0.24935812571351199,0.30597354726492937,True,12,False,CONVERGENCE: NORM OF PROJECTED GRADIENT <= PGTOL,2,False
X2,E2022,5.0,1.0,481,146,2021-12-30,0.7,131,0,15,0.2929767057810995,0.3474079864597686,True,10,False,CONVERGENCE: RELATIVE REDUCTION OF F <= FACTR*EPSMCH,0,False
X2,E2022,5.0,3.0,481,146,2021-12-30,0.7,128,0,18,0.32621586247232826,0.3694759046658773,True,9,False,CONVERGENCE: NORM OF PROJECTED GRADIENT <= PGTOL,0,False
X2,E2022,5.0,10.0,481,146,2021-12-30,0.7,126,0,20,0.34441704577662235,0.3796371934617059,True,7,False,CONVERGENCE: NORM OF PROJECTED GRADIENT <= PGTOL,0,False
X2,E2022,10.0,0.001,481,146,2021-12-30,0.7,133,0,13,0.3159210814249409,0.30135159637309905,True,10,False,CONVERGENCE: NORM OF PROJECTED GRADIENT <= PGTOL,6,False
X2,E2022,10.0,0.003,481,146,2021-12-30,0.7,133,0,13,0.315779430150685,0.30177939592369396,True,9,False,CONVERGENCE: NORM OF PROJECTED GRADIENT <= PGTOL,6,False
X2,E2022,10.0,0.01,481,146,2021-12-30,0.7,133,0,13,0.3153313027997576,0.30327008284229845,True,8,False,CONVERGENCE: NORM OF PROJECTED GRADIENT <= PGTOL,6,False
X2,E2022,10.0,0.03,481,146,2021-12-30,0.7,134,0,12,0.31435273189934815,0.3074841549728862,True,9,False,CONVERGENCE: NORM OF PROJECTED GRADIENT <= PGTOL,6,False
X2,E2022,10.0,0.1,481,146,2021-12-30,0.7,133,0,13,0.31229812212018787,0.32085625452674454,True,10,False,CONVERGENCE: RELATIVE REDUCTION OF F <= FACTR*EPSMCH,3,False
X2,E2022,10.0,0.3,481,146,2021-12-30,0.7,132,0,14,0.3214374717676343,0.34410313619613175,True,11,False,CONVERGENCE: RELATIVE REDUCTION OF F <= FACTR*EPSMCH,0,False
X2,E2022,10.0,1.0,481,146,2021-12-30,0.7,130,0,16,0.35455875612793,0.3656656039495852,True,9,False,CONVERGENCE: NORM OF PROJECTED GRADIENT <= PGTOL,0,False
X2,E2022,10.0,3.0,481,146,2021-12-30,0.7,126,0,20,0.37068135860687657,0.37501924155579797,True,8,False,CONVERGENCE: RELATIVE REDUCTION OF F <= FACTR*EPSMCH,0,False
X2,E2022,10.0,10.0,481,146,2021-12-30,0.7,126,0,20,0.3779943019525875,0.3789772258263911,True,7,False,CONVERGENCE: RELATIVE REDUCTION OF F <= FACTR*EPSMCH,0,False
X3,E2023,1.0,0.001,640,315,2022-10-14,0.7,271,0,44,0.6611100078184385,0.46194093916665324,True,12,False,CONVERGENCE: NORM OF PROJECTED GRADIENT <= PGTOL,5,False
X3,E2023,1.0,0.003,640,315,2022-10-14,0.7,271,0,44,0.6611115476424613,0.4622996245849986,True,12,False,CONVERGENCE: NORM OF PROJECTED GRADIENT <= PGTOL,5,False
X3,E2023,1.0,0.01,640,315,2022-10-14,0.7,271,0,44,0.6611171490997665,0.4635548496622339,True,12,False,CONVERGENCE: NORM OF PROJECTED GRADIENT <= PGTOL,5,False
X3,E2023,1.0,0.03,640,315,2022-10-14,0.7,271,0,44,0.6611348914591282,0.46713974688042076,True,11,False,CONVERGENCE: RELATIVE REDUCTION OF F <= FACTR*EPSMCH,5,False
X3,E2023,1.0,0.1,640,315,2022-10-14,0.7,271,0,44,0.6612145331912733,0.479670954361454,True,12,False,CONVERGENCE: NORM OF PROJECTED GRADIENT <= PGTOL,5,False
X3,E2023,1.0,0.3,640,315,2022-10-14,0.7,271,0,44,0.6615401162178721,0.5153609946013963,True,13,False,CONVERGENCE: NORM OF PROJECTED GRADIENT <= PGTOL,5,False
X3,E2023,1.0,1.0,640,315,2022-10-14,0.7,272,0,43,0.6525130690087602,0.6316814828424118,True,12,False,CONVERGENCE: NORM OF PROJECTED GRADIENT <= PGTOL,3,False
X3,E2023,1.0,3.0,640,315,2022-10-14,0.7,265,0,50,0.813951791110192,0.8485220587992273,True,13,False,CONVERGENCE: RELATIVE REDUCTION OF F <= FACTR*EPSMCH,0,False
X3,E2023,1.0,10.0,640,315,2022-10-14,0.7,267,0,48,1.1509927654207883,1.0448095164170226,True,8,False,CONVERGENCE: NORM OF PROJECTED GRADIENT <= PGTOL,0,False
X3,E2023,2.0,0.001,640,315,2022-10-14,0.7,273,0,42,0.3954667086087736,0.29236003198080335,True,14,False,CONVERGENCE: NORM OF PROJECTED GRADIENT <= PGTOL,5,False
X3,E2023,2.0,0.003,640,315,2022-10-14,0.7,273,0,42,0.3954683598644776,0.29271383984422666,True,14,False,CONVERGENCE: NORM OF PROJECTED GRADIENT <= PGTOL,5,False
X3,E2023,2.0,0.01,640,315,2022-10-14,0.7,273,0,42,0.3954742975370856,0.29395199023579466,True,14,False,CONVERGENCE: NORM OF PROJECTED GRADIENT <= PGTOL,5,False
X3,E2023,2.0,0.03,640,315,2022-10-14,0.7,272,0,43,0.3950863466815662,0.29748447652345117,True,14,False,CONVERGENCE: NORM OF PROJECTED GRADIENT <= PGTOL,4,False
X3,E2023,2.0,0.1,640,315,2022-10-14,0.7,272,0,43,0.39232308682344896,0.3095430001954049,True,13,False,CONVERGENCE: RELATIVE REDUCTION OF F <= FACTR*EPSMCH,4,False
X3,E2023,2.0,0.3,640,315,2022-10-14,0.7,274,0,41,0.38852479012330915,0.34229408531515415,True,12,False,CONVERGENCE: NORM OF PROJECTED GRADIENT <= PGTOL,4,False
X3,E2023,2.0,1.0,640,315,2022-10-14,0.7,271,0,44,0.4218282324390754,0.43604350585152657,True,11,False,CONVERGENCE: RELATIVE REDUCTION OF F <= FACTR*EPSMCH,1,False
X3,E2023,2.0,3.0,640,315,2022-10-14,0.7,266,0,49,0.5725677867301447,0.5374222648984505,True,11,False,CONVERGENCE: RELATIVE REDUCTION OF F <= FACTR*EPSMCH,0,False
X3,E2023,2.0,10.0,640,315,2022-10-14,0.7,265,0,50,0.6865406169757574,0.5969168011298601,True,8,False,CONVERGENCE: RELATIVE REDUCTION OF F <= FACTR*EPSMCH,0,False
X3,E2023,3.0,0.001,640,315,2022-10-14,0.7,273,0,42,0.32483448237046225,0.25785569600798375,True,14,False,CONVERGENCE: RELATIVE REDUCTION OF F <= FACTR*EPSMCH,4,False
X3,E2023,3.0,0.003,640,315,2022-10-14,0.7,273,0,42,0.32478192486837226,0.2581756118739975,True,14,False,CONVERGENCE: RELATIVE REDUCTION OF F <= FACTR*EPSMCH,4,False
X3,E2023,3.0,0.01,640,315,2022-10-14,0.7,273,0,42,0.32460520787255404,0.25929385603589633,True,14,False,CONVERGENCE: NORM OF PROJECTED GRADIENT <= PGTOL,4,False
X3,E2023,3.0,0.03,640,315,2022-10-14,0.7,273,0,42,0.32415488734893544,0.2624775318155824,True,13,False,CONVERGENCE: NORM OF PROJECTED GRADIENT <= PGTOL,4,False
X3,E2023,3.0,0.1,640,315,2022-10-14,0.7,273,0,42,0.32301692995855263,0.27352240166889075,True,12,False,CONVERGENCE: NORM OF PROJECTED GRADIENT <= PGTOL,4,False
X3,E2023,3.0,0.3,640,315,2022-10-14,0.7,272,0,43,0.32274694784846386,0.3045024055672852,True,12,False,CONVERGENCE: RELATIVE REDUCTION OF F <= FACTR*EPSMCH,3,False
X3,E2023,3.0,1.0,640,315,2022-10-14,0.7,268,0,47,0.38532011939753746,0.3749787078447532,True,11,False,CONVERGENCE: RELATIVE REDUCTION OF F <= FACTR*EPSMCH,0,False
X3,E2023,3.0,3.0,640,315,2022-10-14,0.7,267,0,48,0.47409966983325225,0.4273257244669556,True,10,False,CONVERGENCE: NORM OF PROJECTED GRADIENT <= PGTOL,0,False
X3,E2023,3.0,10.0,640,315,2022-10-14,0.7,264,0,51,0.5290524764900667,0.45473186403097754,True,8,False,CONVERGENCE: NORM OF PROJECTED GRADIENT <= PGTOL,0,False
X3,E2023,5.0,0.001,640,315,2022-10-14,0.7,276,0,39,0.2971437406954259,0.2539895604657957,True,14,False,CONVERGENCE: NORM OF PROJECTED GRADIENT <= PGTOL,3,False
X3,E2023,5.0,0.003,640,315,2022-10-14,0.7,276,0,39,0.2972131341688246,0.2543821893091397,True,14,False,CONVERGENCE: NORM OF PROJECTED GRADIENT <= PGTOL,3,False
X3,E2023,5.0,0.01,640,315,2022-10-14,0.7,276,0,39,0.2974571915875706,0.2557322880182361,True,14,False,CONVERGENCE: NORM OF PROJECTED GRADIENT <= PGTOL,3,True
X3,E2023,5.0,0.03,640,315,2022-10-14,0.7,275,0,40,0.2981385745265917,0.2594246429363159,True,14,False,CONVERGENCE: NORM OF PROJECTED GRADIENT <= PGTOL,3,False
X3,E2023,5.0,0.1,640,315,2022-10-14,0.7,275,0,40,0.3001511172584933,0.2712319845547279,True,13,False,CONVERGENCE: RELATIVE REDUCTION OF F <= FACTR*EPSMCH,3,False
X3,E2023,5.0,0.3,640,315,2022-10-14,0.7,273,0,42,0.3118721590884885,0.2990640964310927,True,13,False,CONVERGENCE: RELATIVE REDUCTION OF F <= FACTR*EPSMCH,1,False
X3,E2023,5.0,1.0,640,315,2022-10-14,0.7,265,0,50,0.365676723919187,0.33840078573736954,True,11,False,CONVERGENCE: RELATIVE REDUCTION OF F <= FACTR*EPSMCH,0,False
X3,E2023,5.0,3.0,640,315,2022-10-14,0.7,266,0,49,0.4036828988059317,0.359642161707207,True,9,False,CONVERGENCE: NORM OF PROJECTED GRADIENT <= PGTOL,0,False
X3,E2023,5.0,10.0,640,315,2022-10-14,0.7,263,0,52,0.4235966522638512,0.36960729615856613,True,7,False,CONVERGENCE: NORM OF PROJECTED GRADIENT <= PGTOL,0,False
X3,E2023,10.0,0.001,640,315,2022-10-14,0.7,273,0,42,0.3338607322409633,0.3033064121856358,True,9,False,CONVERGENCE: NORM OF PROJECTED GRADIENT <= PGTOL,6,False
X3,E2023,10.0,0.003,640,315,2022-10-14,0.7,273,0,42,0.3338265501991456,0.3037158767849083,True,10,False,CONVERGENCE: NORM OF PROJECTED GRADIENT <= PGTOL,6,False
X3,E2023,10.0,0.01,640,315,2022-10-14,0.7,273,0,42,0.3337154789742665,0.305147245234602,True,10,False,CONVERGENCE: NORM OF PROJECTED GRADIENT <= PGTOL,6,False
X3,E2023,10.0,0.03,640,315,2022-10-14,0.7,273,0,42,0.33345747383580326,0.3092241532895575,True,9,False,CONVERGENCE: NORM OF PROJECTED GRADIENT <= PGTOL,6,False
X3,E2023,10.0,0.1,640,315,2022-10-14,0.7,272,0,43,0.34004911151951617,0.321231486959429,True,12,False,CONVERGENCE: RELATIVE REDUCTION OF F <= FACTR*EPSMCH,3,False
X3,E2023,10.0,0.3,640,315,2022-10-14,0.7,269,0,46,0.3543670889540302,0.3432009615529972,True,11,False,CONVERGENCE: RELATIVE REDUCTION OF F <= FACTR*EPSMCH,0,False
X3,E2023,10.0,1.0,640,315,2022-10-14,0.7,262,0,53,0.3848261153057406,0.3651779854542358,True,9,False,CONVERGENCE: RELATIVE REDUCTION OF F <= FACTR*EPSMCH,0,False
X3,E2023,10.0,3.0,640,315,2022-10-14,0.7,263,0,52,0.39923681576162995,0.3746645849113154,True,8,False,CONVERGENCE: RELATIVE REDUCTION OF F <= FACTR*EPSMCH,0,False
X3,E2023,10.0,10.0,640,315,2022-10-14,0.7,263,0,52,0.4056920649419782,0.3786717576379963,True,7,False,CONVERGENCE: RELATIVE REDUCTION OF F <= FACTR*EPSMCH,0,False
X4,E2024,1.0,0.001,657,301,2023-10-20,0.7,268,0,33,0.46425284904583425,0.5988772803207754,True,15,False,CONVERGENCE: RELATIVE REDUCTION OF F <= FACTR*EPSMCH,5,False
X4,E2024,1.0,0.003,657,301,2023-10-20,0.7,268,0,33,0.4642306699553423,0.5992616482893786,True,15,False,CONVERGENCE: RELATIVE REDUCTION OF F <= FACTR*EPSMCH,5,False
X4,E2024,1.0,0.01,657,301,2023-10-20,0.7,268,0,33,0.4641535833520437,0.6006063276624957,True,15,False,CONVERGENCE: RELATIVE REDUCTION OF F <= FACTR*EPSMCH,5,False
X4,E2024,1.0,0.03,657,301,2023-10-20,0.7,268,0,33,0.46393786160988015,0.6044431414270378,True,15,False,CONVERGENCE: RELATIVE REDUCTION OF F <= FACTR*EPSMCH,5,False
X4,E2024,1.0,0.1,657,301,2023-10-20,0.7,268,0,33,0.4632319411488741,0.6178154213904832,True,14,False,CONVERGENCE: RELATIVE REDUCTION OF F <= FACTR*EPSMCH,5,False
X4,E2024,1.0,0.3,657,301,2023-10-20,0.7,268,0,33,0.4626486977839171,0.6555714378764088,True,13,False,CONVERGENCE: NORM OF PROJECTED GRADIENT <= PGTOL,4,True
X4,E2024,1.0,1.0,657,301,2023-10-20,0.7,264,0,37,0.4744325817051882,0.7715080181307967,True,12,False,CONVERGENCE: RELATIVE REDUCTION OF F <= FACTR*EPSMCH,3,False
X4,E2024,1.0,3.0,657,301,2023-10-20,0.7,264,0,37,0.5946643323110793,1.0000594535498384,True,12,False,CONVERGENCE: RELATIVE REDUCTION OF F <= FACTR*EPSMCH,0,False
X4,E2024,1.0,10.0,657,301,2023-10-20,0.7,260,0,41,0.789120568992376,1.207377235056042,True,8,False,CONVERGENCE: RELATIVE REDUCTION OF F <= FACTR*EPSMCH,0,False
X4,E2024,2.0,0.001,657,301,2023-10-20,0.7,264,0,37,0.29081011342291985,0.36158332963655393,True,13,False,CONVERGENCE: RELATIVE REDUCTION OF F <= FACTR*EPSMCH,4,False
X4,E2024,2.0,0.003,657,301,2023-10-20,0.7,264,0,37,0.2908378560261061,0.3619526150901655,True,13,False,CONVERGENCE: RELATIVE REDUCTION OF F <= FACTR*EPSMCH,4,False
X4,E2024,2.0,0.01,657,301,2023-10-20,0.7,264,0,37,0.290937304224479,0.3632406936087396,True,13,False,CONVERGENCE: NORM OF PROJECTED GRADIENT <= PGTOL,4,False
X4,E2024,2.0,0.03,657,301,2023-10-20,0.7,264,0,37,0.29123875463967974,0.3668849456654088,True,13,False,CONVERGENCE: RELATIVE REDUCTION OF F <= FACTR*EPSMCH,4,False
X4,E2024,2.0,0.1,657,301,2023-10-20,0.7,264,0,37,0.2924104682337819,0.37928488245193626,True,13,False,CONVERGENCE: NORM OF PROJECTED GRADIENT <= PGTOL,4,False
X4,E2024,2.0,0.3,657,301,2023-10-20,0.7,267,0,34,0.2957150858734105,0.41277260348091027,True,12,False,CONVERGENCE: NORM OF PROJECTED GRADIENT <= PGTOL,4,False
X4,E2024,2.0,1.0,657,301,2023-10-20,0.7,264,0,37,0.3299337956846629,0.507611854520027,True,12,False,CONVERGENCE: RELATIVE REDUCTION OF F <= FACTR*EPSMCH,1,False
X4,E2024,2.0,3.0,657,301,2023-10-20,0.7,263,0,38,0.4166274919065411,0.6183722696137136,True,10,False,CONVERGENCE: RELATIVE REDUCTION OF F <= FACTR*EPSMCH,0,False
X4,E2024,2.0,10.0,657,301,2023-10-20,0.7,259,0,42,0.4822767788257023,0.6816037086128085,True,8,False,CONVERGENCE: RELATIVE REDUCTION OF F <= FACTR*EPSMCH,0,False
X4,E2024,3.0,0.001,657,301,2023-10-20,0.7,268,0,33,0.2602795931529782,0.30553059408439587,True,14,False,CONVERGENCE: NORM OF PROJECTED GRADIENT <= PGTOL,4,False
X4,E2024,3.0,0.003,657,301,2023-10-20,0.7,268,0,33,0.2602991506240574,0.30585662091256544,True,14,False,CONVERGENCE: NORM OF PROJECTED GRADIENT <= PGTOL,4,False
X4,E2024,3.0,0.01,657,301,2023-10-20,0.7,268,0,33,0.26036812356567274,0.3069953902926232,True,14,False,CONVERGENCE: NORM OF PROJECTED GRADIENT <= PGTOL,4,False
X4,E2024,3.0,0.03,657,301,2023-10-20,0.7,268,0,33,0.260567931853894,0.31023075601996497,True,13,False,CONVERGENCE: RELATIVE REDUCTION OF F <= FACTR*EPSMCH,4,False
X4,E2024,3.0,0.1,657,301,2023-10-20,0.7,268,0,33,0.261258642204517,0.32139104085990544,True,12,False,CONVERGENCE: RELATIVE REDUCTION OF F <= FACTR*EPSMCH,4,False
X4,E2024,3.0,0.3,657,301,2023-10-20,0.7,267,0,34,0.2632860790448322,0.35242079444082175,True,13,False,CONVERGENCE: NORM OF PROJECTED GRADIENT <= PGTOL,3,False
X4,E2024,3.0,1.0,657,301,2023-10-20,0.7,264,0,37,0.3046780540537679,0.42595698914385316,True,12,False,CONVERGENCE: RELATIVE REDUCTION OF F <= FACTR*EPSMCH,0,False
X4,E2024,3.0,3.0,657,301,2023-10-20,0.7,260,0,41,0.3567982540815134,0.4838736266686382,True,9,False,CONVERGENCE: RELATIVE REDUCTION OF F <= FACTR*EPSMCH,0,False
X4,E2024,3.0,10.0,657,301,2023-10-20,0.7,258,0,43,0.3904991940742758,0.5140370342376974,True,8,False,CONVERGENCE: NORM OF PROJECTED GRADIENT <= PGTOL,0,False
X4,E2024,5.0,0.001,657,301,2023-10-20,0.7,268,0,33,0.26580660646077636,0.2880616514052767,True,15,False,CONVERGENCE: NORM OF PROJECTED GRADIENT <= PGTOL,3,False
X4,E2024,5.0,0.003,657,301,2023-10-20,0.7,268,0,33,0.2657854184852528,0.2884081043794156,True,15,False,CONVERGENCE: NORM OF PROJECTED GRADIENT <= PGTOL,3,False
X4,E2024,5.0,0.01,657,301,2023-10-20,0.7,268,0,33,0.26572998277857324,0.2896075272831283,True,14,False,CONVERGENCE: RELATIVE REDUCTION OF F <= FACTR*EPSMCH,3,False
X4,E2024,5.0,0.03,657,301,2023-10-20,0.7,268,0,33,0.26568725459859704,0.29294053554718785,True,14,False,CONVERGENCE: NORM OF PROJECTED GRADIENT <= PGTOL,3,False
X4,E2024,5.0,0.1,657,301,2023-10-20,0.7,268,0,33,0.2661194188863626,0.3039155593850041,True,13,False,CONVERGENCE: NORM OF PROJECTED GRADIENT <= PGTOL,3,False
X4,E2024,5.0,0.3,657,301,2023-10-20,0.7,266,0,35,0.27262980997803943,0.33091381175917783,True,12,False,CONVERGENCE: RELATIVE REDUCTION OF F <= FACTR*EPSMCH,2,False
X4,E2024,5.0,1.0,657,301,2023-10-20,0.7,262,0,39,0.30529570423978003,0.37291049588320624,True,11,False,CONVERGENCE: RELATIVE REDUCTION OF F <= FACTR*EPSMCH,0,False
X4,E2024,5.0,3.0,657,301,2023-10-20,0.7,261,0,40,0.3302496415173274,0.3962849902480388,True,9,False,CONVERGENCE: RELATIVE REDUCTION OF F <= FACTR*EPSMCH,0,False
X4,E2024,5.0,10.0,657,301,2023-10-20,0.7,259,0,42,0.344378118846471,0.4074479975394601,True,8,False,CONVERGENCE: NORM OF PROJECTED GRADIENT <= PGTOL,0,False
X4,E2024,10.0,0.001,657,301,2023-10-20,0.7,265,0,36,0.3172466760301266,0.3236318331177822,True,10,False,CONVERGENCE: NORM OF PROJECTED GRADIENT <= PGTOL,6,False
X4,E2024,10.0,0.003,657,301,2023-10-20,0.7,265,0,36,0.3172542939850773,0.3240339261316774,True,10,False,CONVERGENCE: NORM OF PROJECTED GRADIENT <= PGTOL,6,False
X4,E2024,10.0,0.01,657,301,2023-10-20,0.7,265,0,36,0.31727928008573536,0.3254408559367559,True,10,False,CONVERGENCE: NORM OF PROJECTED GRADIENT <= PGTOL,6,False
X4,E2024,10.0,0.03,657,301,2023-10-20,0.7,265,0,36,0.31733939687960905,0.32945786022209117,True,10,False,CONVERGENCE: NORM OF PROJECTED GRADIENT <= PGTOL,6,False
X4,E2024,10.0,0.1,657,301,2023-10-20,0.7,267,0,34,0.31771687631892265,0.34244440785383334,True,11,False,CONVERGENCE: RELATIVE REDUCTION OF F <= FACTR*EPSMCH,4,False
X4,E2024,10.0,0.3,657,301,2023-10-20,0.7,267,0,34,0.3271477741578835,0.36447355694627787,True,11,False,CONVERGENCE: RELATIVE REDUCTION OF F <= FACTR*EPSMCH,1,False
X4,E2024,10.0,1.0,657,301,2023-10-20,0.7,261,0,40,0.35416339229188937,0.38558604290174314,True,9,False,CONVERGENCE: RELATIVE REDUCTION OF F <= FACTR*EPSMCH,0,False
X4,E2024,10.0,3.0,657,301,2023-10-20,0.7,258,0,43,0.36770078730003386,0.39461063162522875,True,8,False,CONVERGENCE: RELATIVE REDUCTION OF F <= FACTR*EPSMCH,0,False
X4,E2024,10.0,10.0,657,301,2023-10-20,0.7,258,0,43,0.37383417072041325,0.3983922963214926,True,8,False,CONVERGENCE: NORM OF PROJECTED GRADIENT <= PGTOL,0,False
X5,E2025,1.0,0.001,701,288,2024-10-25,0.7,250,0,38,0.46983232478198494,0.5788598365937513,True,17,False,CONVERGENCE: RELATIVE REDUCTION OF F <= FACTR*EPSMCH,3,False
X5,E2025,1.0,0.003,701,288,2024-10-25,0.7,250,0,38,0.46980394270919607,0.5792043264853527,True,17,False,CONVERGENCE: RELATIVE REDUCTION OF F <= FACTR*EPSMCH,3,False
X5,E2025,1.0,0.01,701,288,2024-10-25,0.7,250,0,38,0.4697070543948626,0.5804067236678817,True,17,False,CONVERGENCE: RELATIVE REDUCTION OF F <= FACTR*EPSMCH,3,False
X5,E2025,1.0,0.03,701,288,2024-10-25,0.7,250,0,38,0.46945047169674886,0.5838149132623491,True,16,False,CONVERGENCE: RELATIVE REDUCTION OF F <= FACTR*EPSMCH,3,False
X5,E2025,1.0,0.1,701,288,2024-10-25,0.7,250,0,38,0.4687492420365783,0.59546474117664,True,16,False,CONVERGENCE: RELATIVE REDUCTION OF F <= FACTR*EPSMCH,3,False
X5,E2025,1.0,0.3,701,288,2024-10-25,0.7,248,0,40,0.4678909092213185,0.6270037800975803,True,16,False,CONVERGENCE: RELATIVE REDUCTION OF F <= FACTR*EPSMCH,3,False
X5,E2025,1.0,1.0,701,288,2024-10-25,0.7,247,0,41,0.4700124957081151,0.727423607498084,True,13,False,CONVERGENCE: RELATIVE REDUCTION OF F <= FACTR*EPSMCH,3,False
X5,E2025,1.0,3.0,701,288,2024-10-25,0.7,243,0,45,0.6055681497312557,0.9395994613723635,True,12,False,CONVERGENCE: RELATIVE REDUCTION OF F <= FACTR*EPSMCH,0,False
X5,E2025,1.0,10.0,701,288,2024-10-25,0.7,243,0,45,0.8607578834456792,1.1072607919916044,True,9,False,CONVERGENCE: RELATIVE REDUCTION OF F <= FACTR*EPSMCH,0,False
X5,E2025,2.0,0.001,701,288,2024-10-25,0.7,252,0,36,0.3080277833795671,0.35246707869306376,True,17,False,CONVERGENCE: NORM OF PROJECTED GRADIENT <= PGTOL,4,False
X5,E2025,2.0,0.003,701,288,2024-10-25,0.7,252,0,36,0.3079827387020047,0.3527993402153674,True,17,False,CONVERGENCE: NORM OF PROJECTED GRADIENT <= PGTOL,4,False
X5,E2025,2.0,0.01,701,288,2024-10-25,0.7,252,0,36,0.3078294904239618,0.3539601792712034,True,17,False,CONVERGENCE: NORM OF PROJECTED GRADIENT <= PGTOL,4,False
X5,E2025,2.0,0.03,701,288,2024-10-25,0.7,252,0,36,0.3074263704849821,0.35726016039484143,True,16,False,CONVERGENCE: RELATIVE REDUCTION OF F <= FACTR*EPSMCH,4,False
X5,E2025,2.0,0.1,701,288,2024-10-25,0.7,253,0,35,0.30632732420049336,0.3686503775985924,True,16,False,CONVERGENCE: NORM OF PROJECTED GRADIENT <= PGTOL,4,False
X5,E2025,2.0,0.3,701,288,2024-10-25,0.7,251,0,37,0.3066888055397324,0.39968539371244094,True,15,False,CONVERGENCE: RELATIVE REDUCTION OF F <= FACTR*EPSMCH,3,False
X5,E2025,2.0,1.0,701,288,2024-10-25,0.7,248,0,40,0.32967346099013534,0.48919326144581265,True,13,False,CONVERGENCE: RELATIVE REDUCTION OF F <= FACTR*EPSMCH,1,False
X5,E2025,2.0,3.0,701,288,2024-10-25,0.7,242,0,46,0.44378374555592326,0.5818072773413163,True,10,False,CONVERGENCE: RELATIVE REDUCTION OF F <= FACTR*EPSMCH,0,False
X5,E2025,2.0,10.0,701,288,2024-10-25,0.7,241,0,47,0.5272639749761269,0.6329061059104687,True,9,False,CONVERGENCE: NORM OF PROJECTED GRADIENT <= PGTOL,0,False
X5,E2025,3.0,0.001,701,288,2024-10-25,0.7,253,0,35,0.2745778000459701,0.29975287320848254,True,15,False,CONVERGENCE: NORM OF PROJECTED GRADIENT <= PGTOL,4,False
X5,E2025,3.0,0.003,701,288,2024-10-25,0.7,253,0,35,0.27454796051744396,0.3000663240511,True,14,False,CONVERGENCE: RELATIVE REDUCTION OF F <= FACTR*EPSMCH,4,False
X5,E2025,3.0,0.01,701,288,2024-10-25,0.7,253,0,35,0.2744462383361135,0.30116277369683914,True,14,False,CONVERGENCE: RELATIVE REDUCTION OF F <= FACTR*EPSMCH,4,False
X5,E2025,3.0,0.03,701,288,2024-10-25,0.7,252,0,36,0.27417671326784665,0.30429049393737445,True,14,False,CONVERGENCE: RELATIVE REDUCTION OF F <= FACTR*EPSMCH,4,False
X5,E2025,3.0,0.1,701,288,2024-10-25,0.7,250,0,38,0.27341666539169374,0.31519074857491336,True,15,False,CONVERGENCE: RELATIVE REDUCTION OF F <= FACTR*EPSMCH,4,False
X5,E2025,3.0,0.3,701,288,2024-10-25,0.7,250,0,38,0.27274848069191704,0.34601813144306887,True,14,False,CONVERGENCE: RELATIVE REDUCTION OF F <= FACTR*EPSMCH,2,False
X5,E2025,3.0,1.0,701,288,2024-10-25,0.7,247,0,41,0.31575930610832176,0.4142916496297488,True,11,False,CONVERGENCE: RELATIVE REDUCTION OF F <= FACTR*EPSMCH,0,False
X5,E2025,3.0,3.0,701,288,2024-10-25,0.7,243,0,45,0.37798261123737553,0.4614740245863857,True,10,False,CONVERGENCE: RELATIVE REDUCTION OF F <= FACTR*EPSMCH,0,False
X5,E2025,3.0,10.0,701,288,2024-10-25,0.7,240,0,48,0.4182431531555877,0.4859093544957589,True,8,False,CONVERGENCE: RELATIVE REDUCTION OF F <= FACTR*EPSMCH,0,False
X5,E2025,5.0,0.001,701,288,2024-10-25,0.7,255,0,33,0.2721602143050968,0.2865339904621429,True,14,False,CONVERGENCE: RELATIVE REDUCTION OF F <= FACTR*EPSMCH,3,False
X5,E2025,5.0,0.003,701,288,2024-10-25,0.7,255,0,33,0.27215778184445205,0.2869210497924158,True,14,False,CONVERGENCE: RELATIVE REDUCTION OF F <= FACTR*EPSMCH,3,False
X5,E2025,5.0,0.01,701,288,2024-10-25,0.7,255,0,33,0.2721494635233326,0.28825398583719525,True,14,False,CONVERGENCE: RELATIVE REDUCTION OF F <= FACTR*EPSMCH,3,True
X5,E2025,5.0,0.03,701,288,2024-10-25,0.7,254,0,34,0.2721163801017754,0.2919111358586597,True,14,False,CONVERGENCE: RELATIVE REDUCTION OF F <= FACTR*EPSMCH,3,False
X5,E2025,5.0,0.1,701,288,2024-10-25,0.7,250,0,38,0.27185524392722626,0.3036628921498541,True,12,False,CONVERGENCE: NORM OF PROJECTED GRADIENT <= PGTOL,3,False
X5,E2025,5.0,0.3,701,288,2024-10-25,0.7,248,0,40,0.2773867629295546,0.3315370815049444,True,14,False,CONVERGENCE: RELATIVE REDUCTION OF F <= FACTR*EPSMCH,1,False
X5,E2025,5.0,1.0,701,288,2024-10-25,0.7,246,0,42,0.31329716484910075,0.36817437062028213,True,11,False,CONVERGENCE: RELATIVE REDUCTION OF F <= FACTR*EPSMCH,0,False
X5,E2025,5.0,3.0,701,288,2024-10-25,0.7,242,0,46,0.34001352823791386,0.3874277707869661,True,10,False,CONVERGENCE: NORM OF PROJECTED GRADIENT <= PGTOL,0,False
X5,E2025,5.0,10.0,701,288,2024-10-25,0.7,240,0,48,0.3548299699818076,0.39652679852771505,True,8,False,CONVERGENCE: NORM OF PROJECTED GRADIENT <= PGTOL,0,False
X5,E2025,10.0,0.001,701,288,2024-10-25,0.7,249,0,39,0.318813312437915,0.3298555086849733,True,10,False,CONVERGENCE: NORM OF PROJECTED GRADIENT <= PGTOL,6,False
X5,E2025,10.0,0.003,701,288,2024-10-25,0.7,249,0,39,0.318802061518999,0.33025784370752376,True,10,False,CONVERGENCE: NORM OF PROJECTED GRADIENT <= PGTOL,6,False
X5,E2025,10.0,0.01,701,288,2024-10-25,0.7,249,0,39,0.3187681147922412,0.3316652449549926,True,10,False,CONVERGENCE: NORM OF PROJECTED GRADIENT <= PGTOL,6,False
X5,E2025,10.0,0.03,701,288,2024-10-25,0.7,248,0,40,0.31856737498000554,0.3356762780038773,True,9,False,CONVERGENCE: NORM OF PROJECTED GRADIENT <= PGTOL,5,False
X5,E2025,10.0,0.1,701,288,2024-10-25,0.7,246,0,42,0.3195116970405935,0.3475500829902906,True,12,False,CONVERGENCE: NORM OF PROJECTED GRADIENT <= PGTOL,2,False
X5,E2025,10.0,0.3,701,288,2024-10-25,0.7,244,0,44,0.33051716739447456,0.36740000679521934,True,11,False,CONVERGENCE: RELATIVE REDUCTION OF F <= FACTR*EPSMCH,1,False
X5,E2025,10.0,1.0,701,288,2024-10-25,0.7,243,0,45,0.355290340886462,0.3860657142442012,True,9,False,CONVERGENCE: RELATIVE REDUCTION OF F <= FACTR*EPSMCH,0,False
X5,E2025,10.0,3.0,701,288,2024-10-25,0.7,240,0,48,0.3668512909007111,0.3937676023408826,True,8,False,CONVERGENCE: RELATIVE REDUCTION OF F <= FACTR*EPSMCH,0,False
X5,E2025,10.0,10.0,701,288,2024-10-25,0.7,240,0,48,0.37193477436469385,0.39694839286613137,True,7,False,CONVERGENCE: RELATIVE REDUCTION OF F <= FACTR*EPSMCH,0,False
