Experiment,TargetSeason,Estimand,BothSuccess,OfficialOnlySuccess,VPOnlySuccess,BothFailure,McNemarExactP
X1,E2021,Non-PTS,248,3,19,29,0.0008554458618164062
X1,E2021,Full,273,0,9,17,0.00390625
X2,E2022,Non-PTS,268,4,16,40,0.01181793212890625
X2,E2022,Full,292,2,12,22,0.012939453125
X3,E2023,Non-PTS,270,4,19,38,0.002599477767944336
X3,E2023,Full,298,2,9,22,0.0654296875
X4,E2024,Non-PTS,262,4,22,42,0.0005335211753845215
X4,E2024,Full,297,1,15,17,0.000518798828125
X5,E2025,Non-PTS,329,5,28,40,6.618769839406013e-05
X5,E2025,Full,372,3,9,18,0.14599609375
Pooled,Pooled,Non-PTS,1377,20,104,189,6.960843757791697e-15
Pooled,Pooled,Full,1532,8,54,96,1.709326186236787e-09
