Season,Component,TeamGames,NonzeroTeamGames,NonzeroPercent,MeanResidual,MinimumResidual,MaximumResidual,MaximumAbsoluteResidual
E2020,PTS,656,0,0.0,0.0,0.0,0.0,0.0
E2020,TR,656,630,96.03658536585365,3.1753048780487805,0.0,10.0,10.0
E2020,AST,656,0,0.0,0.0,0.0,0.0,0.0
E2020,STL,656,0,0.0,0.0,0.0,0.0,0.0
E2020,BLK,656,0,0.0,0.0,0.0,0.0,0.0
E2020,FD,656,0,0.0,0.0,0.0,0.0,0.0
E2020,MFG,656,0,0.0,0.0,0.0,0.0,0.0
E2020,MFT,656,0,0.0,0.0,0.0,0.0,0.0
E2020,TO,656,294,44.81707317073171,0.6234756097560976,0.0,4.0,4.0
E2020,BLKA,656,0,0.0,0.0,0.0,0.0,0.0
E2020,FC,656,1,0.1524390243902439,0.001524390243902439,0.0,1.0,1.0
E2021,PTS,598,0,0.0,0.0,0.0,0.0,0.0
E2021,TR,598,565,94.48160535117057,3.222408026755853,0.0,9.0,9.0
E2021,AST,598,0,0.0,0.0,0.0,0.0,0.0
E2021,STL,598,0,0.0,0.0,0.0,0.0,0.0
E2021,BLK,598,0,0.0,0.0,0.0,0.0,0.0
E2021,FD,598,0,0.0,0.0,0.0,0.0,0.0
E2021,MFG,598,0,0.0,0.0,0.0,0.0,0.0
E2021,MFT,598,0,0.0,0.0,0.0,0.0,0.0
E2021,TO,598,301,50.33444816053512,0.7290969899665551,0.0,5.0,5.0
E2021,BLKA,598,0,0.0,0.0,0.0,0.0,0.0
E2021,FC,598,0,0.0,0.0,0.0,0.0,0.0
E2022,PTS,656,0,0.0,0.0,0.0,0.0,0.0
E2022,TR,656,628,95.73170731707317,3.347560975609756,0.0,10.0,10.0
E2022,AST,656,0,0.0,0.0,0.0,0.0,0.0
E2022,STL,656,0,0.0,0.0,0.0,0.0,0.0
E2022,BLK,656,0,0.0,0.0,0.0,0.0,0.0
E2022,FD,656,0,0.0,0.0,0.0,0.0,0.0
E2022,MFG,656,0,0.0,0.0,0.0,0.0,0.0
E2022,MFT,656,0,0.0,0.0,0.0,0.0,0.0
E2022,TO,656,305,46.493902439024396,0.6524390243902439,0.0,4.0,4.0
E2022,BLKA,656,0,0.0,0.0,0.0,0.0,0.0
E2022,FC,656,2,0.3048780487804878,0.004573170731707317,0.0,2.0,2.0
E2023,PTS,662,0,0.0,0.0,0.0,0.0,0.0
E2023,TR,662,624,94.25981873111783,3.287009063444109,0.0,10.0,10.0
E2023,AST,662,0,0.0,0.0,0.0,0.0,0.0
E2023,STL,662,0,0.0,0.0,0.0,0.0,0.0
E2023,BLK,662,0,0.0,0.0,0.0,0.0,0.0
E2023,FD,662,0,0.0,0.0,0.0,0.0,0.0
E2023,MFG,662,0,0.0,0.0,0.0,0.0,0.0
E2023,MFT,662,0,0.0,0.0,0.0,0.0,0.0
E2023,TO,662,326,49.244712990936556,0.6661631419939577,0.0,4.0,4.0
E2023,BLKA,662,0,0.0,0.0,0.0,0.0,0.0
E2023,FC,662,0,0.0,0.0,0.0,0.0,0.0
E2024,PTS,660,0,0.0,0.0,0.0,0.0,0.0
E2024,TR,660,632,95.75757575757575,3.4515151515151516,0.0,10.0,10.0
E2024,AST,660,0,0.0,0.0,0.0,0.0,0.0
E2024,STL,660,0,0.0,0.0,0.0,0.0,0.0
E2024,BLK,660,0,0.0,0.0,0.0,0.0,0.0
E2024,FD,660,0,0.0,0.0,0.0,0.0,0.0
E2024,MFG,660,0,0.0,0.0,0.0,0.0,0.0
E2024,MFT,660,0,0.0,0.0,0.0,0.0,0.0
E2024,TO,660,308,46.666666666666664,0.6045454545454545,0.0,4.0,4.0
E2024,BLKA,660,0,0.0,0.0,0.0,0.0,0.0
E2024,FC,660,0,0.0,0.0,0.0,0.0,0.0
E2025,PTS,804,0,0.0,0.0,0.0,0.0,0.0
E2025,TR,804,778,96.76616915422885,3.6803482587064678,0.0,10.0,10.0
E2025,AST,804,0,0.0,0.0,0.0,0.0,0.0
E2025,STL,804,0,0.0,0.0,0.0,0.0,0.0
E2025,BLK,804,0,0.0,0.0,0.0,0.0,0.0
E2025,FD,804,0,0.0,0.0,0.0,0.0,0.0
E2025,MFG,804,0,0.0,0.0,0.0,0.0,0.0
E2025,MFT,804,0,0.0,0.0,0.0,0.0,0.0
E2025,TO,804,382,47.51243781094527,0.6654228855721394,0.0,4.0,4.0
E2025,BLKA,804,0,0.0,0.0,0.0,0.0,0.0
E2025,FC,804,0,0.0,0.0,0.0,0.0,0.0
