Experiment,TargetSeason,Component,Sign,RawMagnitude,Gamma,FinalMagnitude,SignedCoefficient,RawAtLowerBound,RawAtUpperBound
X1,E2021,TR,1,1.2156015016687345,1.1225448554341348,1.3645672119562469,1.3645672119562469,False,False
X1,E2021,AST,1,0.5,1.1225448554341348,0.5612724277170674,0.5612724277170674,True,False
X1,E2021,STL,1,0.9917663269192905,1.1225448554341348,1.1133021880760579,1.1133021880760579,False,False
X1,E2021,BLK,1,0.506112645432788,1.1225448554341348,0.5681341464007366,0.5681341464007366,False,False
X1,E2021,FD,1,0.5,1.1225448554341348,0.5612724277170674,0.5612724277170674,True,False
X1,E2021,MFG,-1,1.2738665158586917,1.1225448554341348,1.42997230388698,-1.42997230388698,False,False
X1,E2021,MFT,-1,1.1263715543920856,1.1225448554341348,1.2644025936901855,-1.2644025936901855,False,False
X1,E2021,TO,-1,1.5,1.1225448554341348,1.6838172831512024,-1.6838172831512024,False,True
X1,E2021,BLKA,-1,0.506112645432788,1.1225448554341348,0.5681341464007366,-0.5681341464007366,False,False
X1,E2021,FC,-1,0.5,1.1225448554341348,0.5612724277170674,-0.5612724277170674,True,False
X2,E2022,TR,1,1.1104687199324128,1.1989110764041488,1.3313532483273063,1.3313532483273063,False,False
X2,E2022,AST,1,0.5229723083468892,1.1989110764041488,0.6269972931297314,0.6269972931297314,False,False
X2,E2022,STL,1,0.8469297523859509,1.1989110764041488,1.0153934610717397,1.0153934610717397,False,False
X2,E2022,BLK,1,0.5,1.1989110764041488,0.5994555382020744,0.5994555382020744,True,False
X2,E2022,FD,1,0.5,1.1989110764041488,0.5994555382020744,0.5994555382020744,True,False
X2,E2022,MFG,-1,1.0875759155721032,1.1989110764041488,1.303906811609778,-1.303906811609778,False,False
X2,E2022,MFT,-1,0.9755546822866458,1.1989110764041488,1.16960331423139,-1.16960331423139,False,False
X2,E2022,TO,-1,1.5,1.1989110764041488,1.7983666146062234,-1.7983666146062234,False,True
X2,E2022,BLKA,-1,0.5,1.1989110764041488,0.5994555382020744,-0.5994555382020744,True,False
X2,E2022,FC,-1,0.5,1.1989110764041488,0.5994555382020744,-0.5994555382020744,True,False
X3,E2023,TR,1,1.4066760129101898,0.9946184429161296,1.3991059056482025,1.3991059056482025,False,False
X3,E2023,AST,1,0.5273933157874786,0.9946184429161296,0.5245551185529166,0.5245551185529166,False,False
X3,E2023,STL,1,1.4695744071228334,0.9946184429161296,1.4616658085619068,1.4616658085619068,False,False
X3,E2023,BLK,1,0.5,0.9946184429161296,0.4973092214580648,0.4973092214580648,True,False
X3,E2023,FD,1,0.5,0.9946184429161296,0.4973092214580648,0.4973092214580648,True,False
X3,E2023,MFG,-1,1.415248810375667,0.9946184429161296,1.4076325681147508,-1.4076325681147508,False,False
X3,E2023,MFT,-1,1.016934861553612,0.9946184429161296,1.0114621685455834,-1.0114621685455834,False,False
X3,E2023,TO,-1,1.5,0.9946184429161296,1.4919276643741943,-1.4919276643741943,False,True
X3,E2023,BLKA,-1,0.5,0.9946184429161296,0.4973092214580648,-0.4973092214580648,True,False
X3,E2023,FC,-1,0.5,0.9946184429161296,0.4973092214580648,-0.4973092214580648,True,False
X4,E2024,TR,1,0.9225608325053036,1.4146007907596942,1.3050552831859243,1.3050552831859243,False,False
X4,E2024,AST,1,0.5,1.4146007907596942,0.7073003953798471,0.7073003953798471,True,False
X4,E2024,STL,1,0.5,1.4146007907596942,0.7073003953798471,0.7073003953798471,True,False
X4,E2024,BLK,1,0.5,1.4146007907596942,0.7073003953798471,0.7073003953798471,True,False
X4,E2024,FD,1,0.5,1.4146007907596942,0.7073003953798471,0.7073003953798471,True,False
X4,E2024,MFG,-1,0.8168817118109329,1.4146007907596942,1.1555615154848784,-1.1555615154848784,False,False
X4,E2024,MFT,-1,0.7452569786517678,1.4146007907596942,1.0542411113199712,-1.0542411113199712,False,False
X4,E2024,TO,-1,1.455518998360806,1.4146007907596942,2.058978326046954,-2.058978326046954,False,False
X4,E2024,BLKA,-1,0.5,1.4146007907596942,0.7073003953798471,-0.7073003953798471,True,False
X4,E2024,FC,-1,0.5,1.4146007907596942,0.7073003953798471,-0.7073003953798471,True,False
X5,E2025,TR,1,1.4017955474875075,1.0205369823118675,1.4305841978511131,1.4305841978511131,False,False
X5,E2025,AST,1,0.6117051041045224,1.0205369823118675,0.624267681007596,0.624267681007596,False,False
X5,E2025,STL,1,1.4781373805248303,1.0205369823118675,1.508493861763179,1.508493861763179,False,False
X5,E2025,BLK,1,0.5,1.0205369823118675,0.5102684911559338,0.5102684911559338,True,False
X5,E2025,FD,1,0.5,1.0205369823118675,0.5102684911559338,0.5102684911559338,True,False
X5,E2025,MFG,-1,1.2909935738106582,1.0205369823118675,1.3175066860007423,-1.3175066860007423,False,False
X5,E2025,MFT,-1,0.9764974163947114,1.0205369823118675,0.996551726562794,-0.996551726562794,False,False
X5,E2025,TO,-1,1.5,1.0205369823118675,1.5308054734678014,-1.5308054734678014,False,True
X5,E2025,BLKA,-1,0.5,1.0205369823118675,0.5102684911559338,-0.5102684911559338,True,False
X5,E2025,FC,-1,0.5,1.0205369823118675,0.5102684911559338,-0.5102684911559338,True,False
