TargetSeason,CalibrationSeasons,Anchor,Gamma,Estimand,Games,OfficialWinnerHigher,RMWinnerHigher,RMTies,RMLoserHigher,DiscordanceChangePP,TargetContrastMean,TargetContrastSD,TargetContrastRMS,FinalMagnitudeMinimum,FinalMagnitudeMaximum
E2021,E2020,Game-contrast RMS,1.1225448554341348,Non-PTS,299,251,267,0,32,-5.351170568561873,14.375474747763182,12.21507347110252,18.86431271284511,0.5612724277170674,1.6838172831512024
E2021,E2020,Game-contrast RMS,1.1225448554341348,Full,299,273,282,0,17,-3.0100334448160537,25.10457173772974,18.42099882039883,31.137962677027435,0.5612724277170674,1.6838172831512024
E2021,E2020,Winner-oriented contrast SD,1.2428604748183032,Non-PTS,299,251,267,0,32,-5.351170568561873,15.916254289752793,13.524298775894856,20.886210953539305,0.6214302374091516,1.8642907122274548
E2021,E2020,Winner-oriented contrast SD,1.2428604748183032,Full,299,273,282,0,17,-3.0100334448160537,26.64535127971935,19.671293266556344,33.12000186591943,0.6214302374091516,1.8642907122274548
E2021,E2020,Team-total SD,1.1167074791226859,Non-PTS,299,251,267,0,32,-5.351170568561873,14.300720446986512,12.151553532297719,18.76621588256821,0.5583537395613429,1.6750612186840288
E2021,E2020,Team-total SD,1.1167074791226859,Full,299,273,282,0,17,-3.0100334448160537,25.029817436953067,18.36054699969422,31.041930465987136,0.5583537395613429,1.6750612186840288
E2021,E2020,Team-total MAD,1.0590839585106246,Non-PTS,299,251,267,0,32,-5.351170568561873,13.562785155202086,11.52451797596113,17.797855369241017,0.5295419792553123,1.5886259377659369
E2021,E2020,Team-total MAD,1.0590839585106246,Full,299,273,282,0,17,-3.0100334448160537,24.291882145168643,17.764947206640645,30.094665431094135,0.5295419792553123,1.5886259377659369
E2021,E2020,Team-total IQR,1.0597265813540493,Non-PTS,299,251,267,0,32,-5.351170568561873,13.571014677980855,11.531510734610052,17.808654615450283,0.5298632906770246,1.589589872031074
E2021,E2020,Team-total IQR,1.0597265813540493,Full,299,273,282,0,17,-3.0100334448160537,24.300111667947412,17.771577465954316,30.105222017170526,0.5298632906770246,1.589589872031074
E2021,E2020,No normalization,1.0,Non-PTS,299,251,267,0,32,-5.351170568561873,12.806147280594491,10.881590532414354,16.804952266739928,0.5,1.5
E2021,E2020,No normalization,1.0,Full,299,273,282,0,17,-3.0100334448160537,23.535244270561048,17.15657851019764,29.12483320212413,0.5,1.5
E2022,E2020+E2021,Game-contrast RMS,1.1989110764041488,Non-PTS,328,272,284,0,44,-3.658536585365854,14.136943930053324,13.200287068681355,19.341684579608565,0.5994555382020744,1.7983666146062234
E2022,E2020+E2021,Game-contrast RMS,1.1989110764041488,Full,328,294,304,0,24,-3.048780487804878,24.44182197883381,19.663894318611966,31.369912359114803,0.5994555382020744,1.7983666146062234
E2022,E2020+E2021,Winner-oriented contrast SD,1.3235649985711486,Non-PTS,328,272,284,0,44,-3.658536585365854,15.606798986878292,14.572755460396154,21.35269014258698,0.6617824992855743,1.985347497856723
E2022,E2020+E2021,Winner-oriented contrast SD,1.3235649985711486,Full,328,294,303,0,25,-2.7439024390243905,25.91167703565878,20.981197444352922,33.341050568319055,0.6617824992855743,1.985347497856723
E2022,E2020+E2021,Team-total SD,1.17623664401896,Non-PTS,328,272,284,0,44,-3.658536585365854,13.869578663701288,12.950636346042604,18.975884540016516,0.58811832200948,1.7643549660284399
E2022,E2020+E2021,Team-total SD,1.17623664401896,Full,328,294,304,0,24,-3.048780487804878,24.174456712481774,19.425099228914657,31.0119144426273,0.58811832200948,1.7643549660284399
E2022,E2020+E2021,Team-total MAD,1.149789126683569,Non-PTS,328,272,284,0,44,-3.658536585365854,13.55772311659856,12.659443089134697,18.549214415532298,0.5748945633417845,1.7246836900253535
E2022,E2020+E2021,Team-total MAD,1.149789126683569,Full,328,294,305,0,23,-3.3536585365853657,23.862601165379047,19.14691790293742,30.594577943808524,0.5748945633417845,1.7246836900253535
E2022,E2020+E2021,Team-total IQR,1.2250861492299197,Non-PTS,328,272,284,0,44,-3.658536585365854,14.445586951362973,13.488480648792498,19.763959435857938,0.6125430746149598,1.8376292238448795
E2022,E2020+E2021,Team-total IQR,1.2250861492299197,Full,328,294,304,0,24,-3.048780487804878,24.750465000143464,19.93988696800686,31.783401485999203,0.6125430746149598,1.8376292238448795
E2022,E2020+E2021,No normalization,1.0,Non-PTS,328,272,284,0,44,-3.658536585365854,11.791486631730647,11.010230306881896,16.132709890060728,0.5,1.5
E2022,E2020+E2021,No normalization,1.0,Full,328,294,306,0,22,-3.658536585365854,22.096364680511133,17.57935444985544,28.23620078848768,0.5,1.5
E2023,E2020+E2021+E2022,Game-contrast RMS,0.9946184429161296,Non-PTS,331,274,289,0,42,-4.531722054380665,14.219608710308984,12.981173666806477,19.253782528170536,0.4973092214580648,1.4919276643741943
E2023,E2020+E2021+E2022,Game-contrast RMS,0.9946184429161296,Full,331,300,307,0,24,-2.1148036253776437,24.645590583420763,19.300200568035795,31.303400409093058,0.4973092214580648,1.4919276643741943
E2023,E2020+E2021+E2022,Winner-oriented contrast SD,1.100374675623744,Non-PTS,331,274,289,0,42,-4.531722054380665,15.731557597331047,14.361441681040862,21.301007290644304,0.550187337811872,1.650562013435616
E2023,E2020+E2021+E2022,Winner-oriented contrast SD,1.100374675623744,Full,331,300,305,0,26,-1.5105740181268883,26.157539470442824,20.627634223832633,33.312402567512386,0.550187337811872,1.650562013435616
E2023,E2020+E2021+E2022,Team-total SD,1.010327757808425,Non-PTS,331,274,289,0,42,-4.531722054380665,14.44419765943458,13.186202385362657,19.55788279371157,0.5051638789042125,1.5154916367126376
E2023,E2020+E2021+E2022,Team-total SD,1.010327757808425,Full,331,300,307,0,24,-2.1148036253776437,24.87017953254636,19.496917115906598,31.60151273286802,0.5051638789042125,1.5154916367126376
E2023,E2020+E2021+E2022,Team-total MAD,0.9565996266572234,Non-PTS,331,274,289,0,42,-4.531722054380665,13.676070939939724,12.484974486127415,18.517815861313565,0.4782998133286117,1.434899439985835
E2023,E2020+E2021+E2022,Team-total MAD,0.9565996266572234,Full,331,300,309,0,22,-2.719033232628399,24.102052813051504,18.82485221598926,30.582413422700302,0.4782998133286117,1.434899439985835
E2023,E2020+E2021+E2022,Team-total IQR,1.0303718910718411,Non-PTS,331,274,289,0,42,-4.531722054380665,14.730759540498651,13.447806598260764,19.945896293328556,0.5151859455359206,1.5455578366077618
E2023,E2020+E2021+E2022,Team-total IQR,1.0303718910718411,Full,331,300,307,0,24,-2.1148036253776437,25.156741413610433,19.748161031565495,31.982049694788234,0.5151859455359206,1.5455578366077618
E2023,E2020+E2021+E2022,No normalization,1.0,Non-PTS,331,274,289,0,42,-4.531722054380665,14.296546390813344,13.05141057785624,19.357958486794416,0.5,1.5
E2023,E2020+E2021+E2022,No normalization,1.0,Full,331,300,307,0,24,-2.1148036253776437,24.72252826392513,19.36757055375352,31.405512142221106,0.5,1.5
E2024,E2021+E2022+E2023,Game-contrast RMS,1.4146007907596942,Non-PTS,330,266,284,0,46,-5.454545454545454,14.183928483258475,13.690353506687204,19.713183567254013,0.7073003953798471,2.058978326046954
E2024,E2021+E2022+E2023,Game-contrast RMS,1.4146007907596942,Full,330,298,312,0,18,-4.242424242424242,24.5081709075009,20.145454120040476,31.725222819295205,0.7073003953798471,2.058978326046954
E2024,E2021+E2022+E2023,Winner-oriented contrast SD,1.5366209722687696,Non-PTS,330,266,284,0,46,-5.454545454545454,15.40740123920786,14.871251630540405,21.41359703564057,0.7683104861343848,2.2365810184168473
E2024,E2021+E2022+E2023,Winner-oriented contrast SD,1.5366209722687696,Full,330,298,312,0,18,-4.242424242424242,25.731643663450285,21.28421093037479,33.393638923475635,0.7683104861343848,2.2365810184168473
E2024,E2021+E2022+E2023,Team-total SD,1.331779955517392,Non-PTS,330,266,284,0,46,-5.454545454545454,13.353499989457283,12.888822417780277,18.559032983577325,0.665889977758696,1.938431026891673
E2024,E2021+E2022+E2023,Team-total SD,1.331779955517392,Full,330,298,312,0,18,-4.242424242424242,23.67774241369971,19.375400914072458,30.594797701415743,0.665889977758696,1.938431026891673
E2024,E2021+E2022+E2023,Team-total MAD,1.3161071983819073,Non-PTS,330,266,284,0,46,-5.454545454545454,13.196352285456774,12.737143168757653,18.340625118662395,0.6580535991909536,1.91561903112428
E2024,E2021+E2022+E2023,Team-total MAD,1.3161071983819073,Full,330,298,312,0,18,-4.242424242424242,23.520594709699196,19.22996791734049,30.38108032312008,0.6580535991909536,1.91561903112428
E2024,E2021+E2022+E2023,Team-total IQR,1.413982836192847,Non-PTS,330,266,284,0,46,-5.454545454545454,14.17773237235615,13.68437300920235,19.70457205516378,0.7069914180964235,2.0580788814347843
E2024,E2021+E2022+E2023,Team-total IQR,1.413982836192847,Full,330,298,312,0,18,-4.242424242424242,24.501974796598574,20.139699394345747,31.716782003030545,0.7069914180964235,2.0580788814347843
E2024,E2021+E2022+E2023,No normalization,1.0,Non-PTS,330,266,284,0,46,-5.454545454545454,10.026806556244868,9.677891880249101,13.935510071832553,0.5,1.455518998360806
E2024,E2021+E2022+E2023,No normalization,1.0,Full,330,298,317,0,13,-5.757575757575758,20.35104898048729,16.32099159907254,26.087160853247124,0.5,1.455518998360806
E2025,E2022+E2023+E2024,Game-contrast RMS,1.0205369823118673,Non-PTS,402,334,357,0,45,-5.721393034825871,14.29762404503872,13.084352744673415,19.380978821522717,0.5102684911559336,1.530805473467801
E2025,E2022+E2023+E2024,Game-contrast RMS,1.0205369823118673,Full,402,375,381,0,21,-1.492537313432836,24.57125588583474,18.95446812634845,31.032539015683643,0.5102684911559336,1.530805473467801
E2025,E2022+E2023+E2024,Winner-oriented contrast SD,1.1068225791512107,Non-PTS,402,334,357,0,45,-5.721393034825871,15.506476879862998,14.190624448098697,21.019625292870995,0.5534112895756054,1.660233868726816
E2025,E2022+E2023+E2024,Winner-oriented contrast SD,1.1068225791512107,Full,402,375,380,0,22,-1.243781094527363,25.78010872065902,20.017121614213867,32.63892098962873,0.5534112895756054,1.660233868726816
E2025,E2022+E2023+E2024,Team-total SD,1.029913125631433,Non-PTS,402,334,357,0,45,-5.721393034825871,14.428982902678417,13.204564720039457,19.559040800905773,0.5149565628157164,1.5448696884471493
E2025,E2022+E2023+E2024,Team-total SD,1.029913125631433,Full,402,375,381,0,21,-1.492537313432836,24.702614743474438,19.069700119395293,31.206932528016683,0.5149565628157164,1.5448696884471493
E2025,E2022+E2023+E2024,Team-total MAD,0.9895239526042356,Non-PTS,402,334,357,0,45,-5.721393034825871,13.863134509683665,12.686733229252773,18.79201155980404,0.4947619763021178,1.4842859289063535
E2025,E2022+E2023+E2024,Team-total MAD,0.9895239526042356,Full,402,375,382,0,20,-1.7412935323383085,24.13676635047968,18.5737703943458,30.456008217091167,0.4947619763021178,1.4842859289063535
E2025,E2022+E2023+E2024,Team-total IQR,0.9879534609260292,Non-PTS,402,334,357,0,45,-5.721393034825871,13.841132073740589,12.666597881434534,18.76218641237455,0.4939767304630146,1.481930191389044
E2025,E2022+E2023+E2024,Team-total IQR,0.9879534609260292,Full,402,375,382,0,20,-1.7412935323383085,24.114763914536606,18.554510844098324,30.426825521529505,0.4939767304630146,1.481930191389044
E2025,E2022+E2023+E2024,No normalization,1.0,Non-PTS,402,334,357,0,45,-5.721393034825871,14.00990291664853,12.821047126614516,18.990961775454853,0.5,1.5
E2025,E2022+E2023+E2024,No normalization,1.0,Full,402,375,382,0,20,-1.7412935323383085,24.28353475744455,18.702289434219114,30.65070456608333,0.5,1.5
