Analysis,AnalysisRole,SelectionProtocol,ScaleAnchor,CalibrationSeasons,Estimand,CalibrationGames,TargetGames,Tau,Alpha,LowerBound,UpperBound,Gamma,OfficialWinnerHigher,VPWinnerHigher,OfficialErrorPercent,VPErrorPercent,ErrorDifferencePP,BoundaryCount,Converged
Primary,Primary,Primary nested 70/30,RMS,E2022+E2023+E2024,Non-PTS,989,402,5.0,0.01,0.5,1.5,1.0205369823118675,334,357,16.915422885572138,11.194029850746269,-5.721393034825871,3,True
Primary,Primary,Primary nested 70/30,RMS,E2022+E2023+E2024,Full,989,402,5.0,0.01,0.5,1.5,1.0205369823118675,375,381,6.7164179104477615,5.223880597014926,-1.492537313432836,3,True
"Raw bounds [0.25,1.75]",Retrospective sensitivity,Chronological 70/30,RMS,E2022+E2023+E2024,Non-PTS,989,402,5.0,0.01,0.25,1.75,1.0812798458822233,334,361,16.915422885572138,10.199004975124378,-6.7164179104477615,3,True
"Raw bounds [0.25,1.75]",Retrospective sensitivity,Chronological 70/30,RMS,E2022+E2023+E2024,Full,989,402,5.0,0.01,0.25,1.75,1.0812798458822233,375,381,6.7164179104477615,5.223880597014926,-1.492537313432836,3,True
"Raw bounds [0.5,2.0]",Retrospective sensitivity,Chronological 70/30,RMS,E2022+E2023+E2024,Non-PTS,989,402,5.0,0.01,0.5,2.0,0.9388423711621876,334,362,16.915422885572138,9.950248756218905,-6.965174129353234,3,True
"Raw bounds [0.5,2.0]",Retrospective sensitivity,Chronological 70/30,RMS,E2022+E2023+E2024,Full,989,402,5.0,0.01,0.5,2.0,0.9388423711621876,375,382,6.7164179104477615,4.975124378109452,-1.7412935323383085,3,True
One-season window,Retrospective sensitivity,Chronological 70/30,RMS,E2024,Non-PTS,330,402,1.0,0.1,0.5,1.5,1.331779418735208,334,358,16.915422885572138,10.945273631840797,-5.970149253731344,3,True
One-season window,Retrospective sensitivity,Chronological 70/30,RMS,E2024,Full,330,402,1.0,0.1,0.5,1.5,1.331779418735208,375,377,6.7164179104477615,6.218905472636816,-0.4975124378109453,3,True
Two-season window,Retrospective sensitivity,Chronological 70/30,RMS,E2023+E2024,Non-PTS,661,402,3.0,0.003,0.5,1.5,1.2644420101848484,334,360,16.915422885572138,10.447761194029852,-6.467661691542289,4,True
Two-season window,Retrospective sensitivity,Chronological 70/30,RMS,E2023+E2024,Full,661,402,3.0,0.003,0.5,1.5,1.2644420101848484,375,380,6.7164179104477615,5.472636815920398,-1.243781094527363,4,True
Expanded tau-alpha grid,Retrospective sensitivity,Chronological 70/30,RMS,E2022+E2023+E2024,Non-PTS,989,402,5.0,0.01,0.5,1.5,1.0205369823118675,334,357,16.915422885572138,11.194029850746269,-5.721393034825871,3,True
Expanded tau-alpha grid,Retrospective sensitivity,Chronological 70/30,RMS,E2022+E2023+E2024,Full,989,402,5.0,0.01,0.5,1.5,1.0205369823118675,375,381,6.7164179104477615,5.223880597014926,-1.492537313432836,3,True
Multi-cutoff rolling-origin selection,Retrospective sensitivity,Three-cutoff forward chaining,RMS,E2022+E2023+E2024,Non-PTS,989,402,5.0,0.003,0.5,1.5,1.016346689535213,334,357,16.915422885572138,11.194029850746269,-5.721393034825871,4,True
Multi-cutoff rolling-origin selection,Retrospective sensitivity,Three-cutoff forward chaining,RMS,E2022+E2023+E2024,Full,989,402,5.0,0.003,0.5,1.5,1.016346689535213,375,381,6.7164179104477615,5.223880597014926,-1.492537313432836,4,True
Overtime excluded,Retrospective sensitivity,Chronological 70/30,RMS,E2022+E2023+E2024,Non-PTS,943,385,5.0,0.001,0.5,1.5,1.0024882721670576,321,342,16.623376623376622,11.168831168831169,-5.454545454545454,4,True
Overtime excluded,Retrospective sensitivity,Chronological 70/30,RMS,E2022+E2023+E2024,Full,943,385,5.0,0.001,0.5,1.5,1.0024882721670576,360,364,6.4935064935064934,5.454545454545454,-1.0389610389610389,4,True
Pace-normalized calibration contrasts,Retrospective sensitivity,Chronological 70/30,RMS,E2022+E2023+E2024,Non-PTS,989,402,5.0,0.003,0.5,1.5,1.0087833885086397,334,357,16.915422885572138,11.194029850746269,-5.721393034825871,4,True
Pace-normalized calibration contrasts,Retrospective sensitivity,Chronological 70/30,RMS,E2022+E2023+E2024,Full,989,402,5.0,0.003,0.5,1.5,1.0087833885086397,375,380,6.7164179104477615,5.472636815920398,-1.243781094527363,4,True
Unrestricted action groups,Retrospective sensitivity,Chronological 70/30,RMS,E2022+E2023+E2024,Non-PTS,989,402,5.0,0.01,0.5,1.5,1.0205370453756242,334,357,16.915422885572138,11.194029850746269,-5.721393034825871,5,True
Unrestricted action groups,Retrospective sensitivity,Chronological 70/30,RMS,E2022+E2023+E2024,Full,989,402,5.0,0.01,0.5,1.5,1.0205370453756242,375,381,6.7164179104477615,5.223880597014926,-1.492537313432836,5,True
Centered-SD scale anchor,Retrospective sensitivity,Primary nested 70/30,Centered SD,E2022+E2023+E2024,Non-PTS,989,402,5.0,0.01,0.5,1.5,1.1068225791512107,334,357,16.915422885572138,11.194029850746269,-5.721393034825871,3,True
Centered-SD scale anchor,Retrospective sensitivity,Primary nested 70/30,Centered SD,E2022+E2023+E2024,Full,989,402,5.0,0.01,0.5,1.5,1.1068225791512107,375,380,6.7164179104477615,5.472636815920398,-1.243781094527363,3,True
Mean-absolute scale anchor,Retrospective sensitivity,Primary nested 70/30,Mean absolute contrast,E2022+E2023+E2024,Non-PTS,989,402,5.0,0.01,0.5,1.5,1.0135227442603787,334,357,16.915422885572138,11.194029850746269,-5.721393034825871,3,True
Mean-absolute scale anchor,Retrospective sensitivity,Primary nested 70/30,Mean absolute contrast,E2022+E2023+E2024,Full,989,402,5.0,0.01,0.5,1.5,1.0135227442603787,375,382,6.7164179104477615,4.975124378109452,-1.7412935323383085,3,True
Leave E2022 out,Retrospective sensitivity,Chronological 70/30,RMS,E2023+E2024,Non-PTS,661,402,3.0,0.003,0.5,1.5,1.2644420101848484,334,360,16.915422885572138,10.447761194029852,-6.467661691542289,4,True
Leave E2022 out,Retrospective sensitivity,Chronological 70/30,RMS,E2023+E2024,Full,661,402,3.0,0.003,0.5,1.5,1.2644420101848484,375,380,6.7164179104477615,5.472636815920398,-1.243781094527363,4,True
Leave E2023 out,Retrospective sensitivity,Chronological 70/30,RMS,E2022+E2024,Non-PTS,658,402,1.0,0.1,0.5,1.5,1.3346315434138663,334,358,16.915422885572138,10.945273631840797,-5.970149253731344,3,True
Leave E2023 out,Retrospective sensitivity,Chronological 70/30,RMS,E2022+E2024,Full,658,402,1.0,0.1,0.5,1.5,1.3346315434138663,375,379,6.7164179104477615,5.721393034825871,-0.9950248756218906,3,True
Leave E2024 out,Retrospective sensitivity,Chronological 70/30,RMS,E2022+E2023,Non-PTS,659,402,3.0,0.3,0.5,1.5,1.220476976362182,334,360,16.915422885572138,10.447761194029852,-6.467661691542289,2,True
Leave E2024 out,Retrospective sensitivity,Chronological 70/30,RMS,E2022+E2023,Full,659,402,3.0,0.3,0.5,1.5,1.220476976362182,375,380,6.7164179104477615,5.472636815920398,-1.243781094527363,2,True
Regular-season target only,Retrospective sensitivity,Primary nested 70/30,RMS,E2022+E2023+E2024,Non-PTS,989,380,5.0,0.01,0.5,1.5,1.0205369823118675,315,338,17.105263157894736,11.052631578947368,-6.052631578947368,3,True
Regular-season target only,Retrospective sensitivity,Primary nested 70/30,RMS,E2022+E2023+E2024,Full,989,380,5.0,0.01,0.5,1.5,1.0205369823118675,355,360,6.578947368421052,5.2631578947368425,-1.3157894736842106,3,True
Team-only residuals excluded,Retrospective sensitivity,Primary nested 70/30,RMS,E2022+E2023+E2024,Non-PTS,989,402,5.0,0.01,0.5,1.5,1.0205369823118675,340,349,15.422885572139304,13.18407960199005,-2.2388059701492535,3,True
Team-only residuals excluded,Retrospective sensitivity,Primary nested 70/30,RMS,E2022+E2023+E2024,Full,989,402,5.0,0.01,0.5,1.5,1.0205369823118675,370,378,7.960199004975125,5.970149253731344,-1.9900497512437811,3,True
