Estimand,OmittedTeam,Games,OfficialErrors,VPErrors,ErrorDifferencePP
Non-PTS,None,402,68,45,-5.721393034825871
Non-PTS,ASV,364,64,43,-5.769230769230771
Non-PTS,BAR,362,62,41,-5.801104972375691
Non-PTS,BAS,364,60,41,-5.219780219780219
Non-PTS,DUB,364,62,41,-5.769230769230769
Non-PTS,HTA,360,64,44,-5.555555555555556
Non-PTS,IST,364,60,40,-5.4945054945054945
Non-PTS,MAD,358,62,39,-6.424581005586594
Non-PTS,MCO,359,63,41,-6.128133704735375
Non-PTS,MIL,364,60,43,-4.670329670329671
Non-PTS,MUN,364,62,43,-5.219780219780221
Non-PTS,OLY,359,61,43,-5.01392757660167
Non-PTS,PAM,358,58,34,-6.70391061452514
Non-PTS,PAN,358,61,37,-6.703910614525138
Non-PTS,PAR,364,60,40,-5.4945054945054945
Non-PTS,PRS,364,60,41,-5.219780219780219
Non-PTS,RED,363,62,41,-5.785123966942149
Non-PTS,TEL,364,62,40,-6.043956043956045
Non-PTS,ULK,359,60,41,-5.292479108635098
Non-PTS,VIR,364,58,37,-5.769230769230768
Non-PTS,ZAL,360,63,40,-6.388888888888888
Full,None,402,27,21,-1.492537313432836
Full,ASV,364,25,20,-1.3736263736263743
Full,BAR,362,27,20,-1.9337016574585641
Full,BAS,364,25,19,-1.6483516483516487
Full,DUB,364,24,17,-1.9230769230769231
Full,HTA,360,26,20,-1.6666666666666663
Full,IST,364,23,19,-1.0989010989010985
Full,MAD,358,24,18,-1.6759776536312845
Full,MCO,359,24,20,-1.1142061281337052
Full,MIL,364,23,19,-1.0989010989010985
Full,MUN,364,26,20,-1.648351648351648
Full,OLY,359,24,20,-1.1142061281337052
Full,PAM,358,23,18,-1.3966480446927374
Full,PAN,358,22,17,-1.3966480446927374
Full,PAR,364,23,19,-1.0989010989010985
Full,PRS,364,24,20,-1.0989010989010992
Full,RED,363,24,18,-1.6528925619834711
Full,TEL,364,23,18,-1.3736263736263736
Full,ULK,359,26,20,-1.6713091922005576
Full,VIR,364,24,16,-2.1978021978021975
Full,ZAL,360,26,20,-1.6666666666666663
