TargetSeason,Estimand,Score,Games,WinnerHigher,Ties,LoserHigher,StrictConcordancePercent,HalfCreditConcordancePercent,ReversalRateAllGamesPercent,WinnerShareAmongNonTiesPercent,EquivalenceBand,BandWinnerHigher,BandTies,BandLoserHigher,BandStrictConcordancePercent
E2021,Full,Official PIR,299,273,4,22,91.30434782608695,91.97324414715719,7.357859531772576,92.54237288135593,0.5,273,4,22,91.30434782608695
E2021,Full,RM-PIR,299,282,0,17,94.31438127090301,94.31438127090301,5.68561872909699,94.31438127090301,0.5,282,0,17,94.31438127090301
E2021,Non-PTS,Official PIR,299,251,3,45,83.94648829431438,84.44816053511705,15.050167224080267,84.79729729729729,0.5,251,3,45,83.94648829431438
E2021,Non-PTS,RM-PIR,299,267,0,32,89.29765886287625,89.29765886287625,10.702341137123746,89.29765886287625,0.5,265,7,27,88.62876254180603
E2022,Full,Official PIR,328,294,5,29,89.63414634146342,90.39634146341463,8.841463414634147,91.0216718266254,0.5,294,5,29,89.63414634146342
E2022,Full,RM-PIR,328,304,0,24,92.6829268292683,92.6829268292683,7.317073170731708,92.6829268292683,0.5,303,3,22,92.3780487804878
E2022,Non-PTS,Official PIR,328,272,4,52,82.92682926829268,83.53658536585365,15.853658536585366,83.95061728395062,0.5,272,4,52,82.92682926829268
E2022,Non-PTS,RM-PIR,328,284,0,44,86.58536585365853,86.58536585365853,13.414634146341463,86.58536585365853,0.5,283,3,42,86.28048780487805
E2023,Full,Official PIR,331,300,2,29,90.6344410876133,90.93655589123867,8.761329305135952,91.1854103343465,0.5,300,2,29,90.6344410876133
E2023,Full,RM-PIR,331,307,0,24,92.74924471299094,92.74924471299094,7.2507552870090635,92.74924471299094,0.5,305,5,21,92.14501510574019
E2023,Non-PTS,Official PIR,331,274,12,45,82.77945619335347,84.59214501510574,13.595166163141993,85.8934169278997,0.5,274,12,45,82.77945619335347
E2023,Non-PTS,RM-PIR,331,289,0,42,87.31117824773413,87.31117824773413,12.688821752265861,87.31117824773413,0.5,288,7,36,87.00906344410876
E2024,Full,Official PIR,330,298,3,29,90.3030303030303,90.75757575757575,8.787878787878787,91.13149847094802,0.5,298,3,29,90.3030303030303
E2024,Full,RM-PIR,330,312,0,18,94.54545454545455,94.54545454545455,5.454545454545454,94.54545454545455,0.5,311,4,15,94.24242424242425
E2024,Non-PTS,Official PIR,330,266,6,58,80.60606060606061,81.51515151515152,17.575757575757574,82.09876543209876,0.5,266,6,58,80.60606060606061
E2024,Non-PTS,RM-PIR,330,284,0,46,86.06060606060606,86.06060606060606,13.93939393939394,86.06060606060606,0.5,281,5,44,85.15151515151516
E2025,Full,Official PIR,402,375,3,24,93.28358208955224,93.65671641791045,5.970149253731344,93.98496240601504,0.5,375,3,24,93.28358208955224
E2025,Full,RM-PIR,402,381,0,21,94.77611940298507,94.77611940298507,5.223880597014926,94.77611940298507,0.5,378,4,20,94.02985074626865
E2025,Non-PTS,Official PIR,402,334,14,54,83.08457711442786,84.82587064676616,13.432835820895523,86.08247422680412,0.5,334,14,54,83.08457711442786
E2025,Non-PTS,RM-PIR,402,357,0,45,88.80597014925372,88.80597014925372,11.194029850746269,88.80597014925372,0.5,352,10,40,87.56218905472637
Pooled,Full,Official PIR,1690,1540,17,133,91.12426035502959,91.62721893491124,7.8698224852071,92.05020920502092,0.5,1540,17,133,91.12426035502959
Pooled,Full,RM-PIR,1690,1586,0,104,93.84615384615384,93.84615384615384,6.153846153846154,93.84615384615384,0.5,1579,16,95,93.4319526627219
Pooled,Non-PTS,Official PIR,1690,1397,39,254,82.66272189349112,83.81656804733728,15.029585798816568,84.61538461538461,0.5,1397,39,254,82.66272189349112
Pooled,Non-PTS,RM-PIR,1690,1481,0,209,87.63313609467455,87.63313609467455,12.366863905325443,87.63313609467455,0.5,1469,32,189,86.92307692307692
