TargetSeason,CalibrationSeasons,MaximumInnerConcordance,CandidatesTiedAtMaximum,Tau,Alpha,SelectedByTieBreak,Estimand,OfficialWinnerHigher,RMWinnerHigher,RMTies,RMLoserHigher,DiscordanceChangePP
E2021,E2020,80,9,3.0,0.3,True,Non-PTS,251,267,0,32,-5.351170568561873
E2021,E2020,80,9,3.0,0.3,True,Full,273,282,0,17,-3.0100334448160537
E2021,E2020,80,9,5.0,0.001,False,Non-PTS,251,266,0,33,-5.016722408026756
E2021,E2020,80,9,5.0,0.001,False,Full,273,277,0,22,-1.3377926421404682
E2021,E2020,80,9,5.0,0.003,False,Non-PTS,251,266,0,33,-5.016722408026756
E2021,E2020,80,9,5.0,0.003,False,Full,273,277,0,22,-1.3377926421404682
E2021,E2020,80,9,5.0,0.01,False,Non-PTS,251,266,0,33,-5.016722408026756
E2021,E2020,80,9,5.0,0.01,False,Full,273,277,0,22,-1.3377926421404682
E2021,E2020,80,9,5.0,0.3,False,Non-PTS,251,266,0,33,-5.016722408026756
E2021,E2020,80,9,5.0,0.3,False,Full,273,282,0,17,-3.0100334448160537
E2021,E2020,80,9,10.0,0.001,False,Non-PTS,251,267,0,32,-5.351170568561873
E2021,E2020,80,9,10.0,0.001,False,Full,273,279,0,20,-2.0066889632107023
E2021,E2020,80,9,10.0,0.003,False,Non-PTS,251,267,0,32,-5.351170568561873
E2021,E2020,80,9,10.0,0.003,False,Full,273,279,0,20,-2.0066889632107023
E2021,E2020,80,9,10.0,0.01,False,Non-PTS,251,267,0,32,-5.351170568561873
E2021,E2020,80,9,10.0,0.01,False,Full,273,279,0,20,-2.0066889632107023
E2021,E2020,80,9,10.0,0.03,False,Non-PTS,251,267,0,32,-5.351170568561873
E2021,E2020,80,9,10.0,0.03,False,Full,273,279,0,20,-2.0066889632107023
E2022,E2020+E2021,137,6,3.0,0.001,False,Non-PTS,272,285,0,43,-3.9634146341463414
E2022,E2020+E2021,137,6,3.0,0.001,False,Full,294,306,0,22,-3.658536585365854
E2022,E2020+E2021,137,6,3.0,0.003,False,Non-PTS,272,285,0,43,-3.9634146341463414
E2022,E2020+E2021,137,6,3.0,0.003,False,Full,294,306,0,22,-3.658536585365854
E2022,E2020+E2021,137,6,3.0,0.01,False,Non-PTS,272,285,0,43,-3.9634146341463414
E2022,E2020+E2021,137,6,3.0,0.01,False,Full,294,306,0,22,-3.658536585365854
E2022,E2020+E2021,137,6,3.0,0.03,False,Non-PTS,272,285,0,43,-3.9634146341463414
E2022,E2020+E2021,137,6,3.0,0.03,False,Full,294,306,0,22,-3.658536585365854
E2022,E2020+E2021,137,6,3.0,0.1,False,Non-PTS,272,285,0,43,-3.9634146341463414
E2022,E2020+E2021,137,6,3.0,0.1,False,Full,294,305,0,23,-3.3536585365853657
E2022,E2020+E2021,137,6,3.0,0.3,True,Non-PTS,272,284,0,44,-3.658536585365854
E2022,E2020+E2021,137,6,3.0,0.3,True,Full,294,304,0,24,-3.048780487804878
E2023,E2020+E2021+E2022,276,3,5.0,0.001,False,Non-PTS,274,290,0,41,-4.833836858006042
E2023,E2020+E2021+E2022,276,3,5.0,0.001,False,Full,300,307,0,24,-2.1148036253776437
E2023,E2020+E2021+E2022,276,3,5.0,0.003,False,Non-PTS,274,290,0,41,-4.833836858006042
E2023,E2020+E2021+E2022,276,3,5.0,0.003,False,Full,300,307,0,24,-2.1148036253776437
E2023,E2020+E2021+E2022,276,3,5.0,0.01,True,Non-PTS,274,289,0,42,-4.531722054380665
E2023,E2020+E2021+E2022,276,3,5.0,0.01,True,Full,300,307,0,24,-2.1148036253776437
E2024,E2021+E2022+E2023,268,16,1.0,0.001,False,Non-PTS,266,283,0,47,-5.151515151515151
E2024,E2021+E2022+E2023,268,16,1.0,0.001,False,Full,298,313,0,17,-4.545454545454546
E2024,E2021+E2022+E2023,268,16,1.0,0.003,False,Non-PTS,266,283,0,47,-5.151515151515151
E2024,E2021+E2022+E2023,268,16,1.0,0.003,False,Full,298,312,0,18,-4.242424242424242
E2024,E2021+E2022+E2023,268,16,1.0,0.01,False,Non-PTS,266,283,0,47,-5.151515151515151
E2024,E2021+E2022+E2023,268,16,1.0,0.01,False,Full,298,312,0,18,-4.242424242424242
E2024,E2021+E2022+E2023,268,16,1.0,0.03,False,Non-PTS,266,283,0,47,-5.151515151515151
E2024,E2021+E2022+E2023,268,16,1.0,0.03,False,Full,298,312,0,18,-4.242424242424242
E2024,E2021+E2022+E2023,268,16,1.0,0.1,False,Non-PTS,266,285,0,45,-5.757575757575758
E2024,E2021+E2022+E2023,268,16,1.0,0.1,False,Full,298,312,0,18,-4.242424242424242
E2024,E2021+E2022+E2023,268,16,1.0,0.3,True,Non-PTS,266,284,0,46,-5.454545454545454
E2024,E2021+E2022+E2023,268,16,1.0,0.3,True,Full,298,312,0,18,-4.242424242424242
E2024,E2021+E2022+E2023,268,16,3.0,0.001,False,Non-PTS,266,287,0,43,-6.363636363636363
E2024,E2021+E2022+E2023,268,16,3.0,0.001,False,Full,298,314,0,16,-4.848484848484849
E2024,E2021+E2022+E2023,268,16,3.0,0.003,False,Non-PTS,266,287,0,43,-6.363636363636363
E2024,E2021+E2022+E2023,268,16,3.0,0.003,False,Full,298,314,0,16,-4.848484848484849
E2024,E2021+E2022+E2023,268,16,3.0,0.01,False,Non-PTS,266,287,0,43,-6.363636363636363
E2024,E2021+E2022+E2023,268,16,3.0,0.01,False,Full,298,314,0,16,-4.848484848484849
E2024,E2021+E2022+E2023,268,16,3.0,0.03,False,Non-PTS,266,287,0,43,-6.363636363636363
E2024,E2021+E2022+E2023,268,16,3.0,0.03,False,Full,298,313,0,17,-4.545454545454546
E2024,E2021+E2022+E2023,268,16,3.0,0.1,False,Non-PTS,266,287,0,43,-6.363636363636363
E2024,E2021+E2022+E2023,268,16,3.0,0.1,False,Full,298,313,0,17,-4.545454545454546
E2024,E2021+E2022+E2023,268,16,5.0,0.001,False,Non-PTS,266,283,0,47,-5.151515151515151
E2024,E2021+E2022+E2023,268,16,5.0,0.001,False,Full,298,311,0,19,-3.9393939393939394
E2024,E2021+E2022+E2023,268,16,5.0,0.003,False,Non-PTS,266,283,0,47,-5.151515151515151
E2024,E2021+E2022+E2023,268,16,5.0,0.003,False,Full,298,311,0,19,-3.9393939393939394
E2024,E2021+E2022+E2023,268,16,5.0,0.01,False,Non-PTS,266,283,0,47,-5.151515151515151
E2024,E2021+E2022+E2023,268,16,5.0,0.01,False,Full,298,311,0,19,-3.9393939393939394
E2024,E2021+E2022+E2023,268,16,5.0,0.03,False,Non-PTS,266,281,0,49,-4.545454545454546
E2024,E2021+E2022+E2023,268,16,5.0,0.03,False,Full,298,311,0,19,-3.9393939393939394
E2024,E2021+E2022+E2023,268,16,5.0,0.1,False,Non-PTS,266,280,0,50,-4.242424242424242
E2024,E2021+E2022+E2023,268,16,5.0,0.1,False,Full,298,314,0,16,-4.848484848484849
E2025,E2022+E2023+E2024,255,3,5.0,0.001,False,Non-PTS,334,357,0,45,-5.721393034825871
E2025,E2022+E2023+E2024,255,3,5.0,0.001,False,Full,375,381,0,21,-1.492537313432836
E2025,E2022+E2023+E2024,255,3,5.0,0.003,False,Non-PTS,334,357,0,45,-5.721393034825871
E2025,E2022+E2023+E2024,255,3,5.0,0.003,False,Full,375,381,0,21,-1.492537313432836
E2025,E2022+E2023+E2024,255,3,5.0,0.01,True,Non-PTS,334,357,0,45,-5.721393034825871
E2025,E2022+E2023+E2024,255,3,5.0,0.01,True,Full,375,381,0,21,-1.492537313432836
